ex => ex
dillingen => dillingen
polizeiinspektion => police inspection
wollten => would
zeitung => tidings
eine => one
deren => her
limmat => limmat
renaturierung => renaturierung
dietikon => dietikon
meter => metre
gigawattstunden => gigawatt hours
urs => urs
einen => an
varianten => variations
produzierbare => produceable one
posieren => pose; posture
toblerone => toblerone
pd => pd
involviert => involved
investieren => invest
geschwemmsel => geschwemmsel
einspeisevergütung => einspeisevergütung
kägi => kägi
erweitern => widen
glanzenberg => glanzenberg
erneuerten => renewed
limmattal => limmattal
wehrs => wehrs
namens => named
forst => forst
ekz => ekz
planungsphase => planning phase
fische => fishes
rengel => rengel
komplexität => complexity
dietiker => dietiker
minuten => minutes
turbinen => turbines
horizontalrechen => horizontal rakes
offiziellen => to official ones
motorisierte => motorized; motorised
ökologischen => to ecological ones
mitten => amidst; mid; middle
verzasca => verzasca
vorgesehen => foreseen
allmend => allmend
spatenstich => spavin sting
vögeli => vögeli
limmatabschnitt => limmatabschnitt
ohropax => ohropax
stromproduktion => stream production
entwicklungshotspot => entwicklungshotspot
spundbohlen => spundbohlen
archäologie => archeology
donald => donald
transgender => transgender
memorandum => memorandum
kirstjen => kirstjen
nielsen => nielsen
richmond => richmond
mattis => mattis
stoppte => stopped
ministerien => ministries
fdp => fdp
diskutiert => discusses; discussed; disputed; disputes
politiker => politician; politico
höferlin => höferlin
internetsperren => internet barriers
manuel => manuel
cdu => cdu
lehnen => lean
websites => websites
internetseiten => internet sites
leyen => leyen
sanktion => sanction
cpc => cpc
protesten => to protests
leben => live; living
autorin => author
delirium => delirium
fieber => fever
wäre => were
faz => faz
false => false
schwieriger => catchier
influenza => influenza
hinfälligkeit => hinfälligkeit
volle => full one
organisieren => organize; organise
peikert => peikert
kaderfamilie => cadre family
kim => kim
unhasu => unhasu
ae => ae
medien => media
clan => clan
diktators => of dictator
basketballstar => basketball star
südkoreanischen => south korea niches
xi => xi
jinping => jinping
zusammen => common
liyuan => liyuan
suk => suk
dynastie => dynasty
sindkim => sindkim
un => un
modische => modishly
rodman => rodman
incheon => incheon
volksrepublik => people's republic
geboren => born; borne
yonhap => yonhap
gedöns => gedöns
kulow => kulow
daimler => daimler
insiderreport => insider's report
grammatische => grammatical one
monsanto => monsanto
probleme => problems
piratenpolitiker => pirate's politician
politik => politics
datenskandal => data scandal
reiermann => reiermann
steuern => steer
eines => ones
exxonmobil => exxonmobil
kandidaten => candidates
responsibilty => responsibilty
statements => statements
corporate => corporate
tennessee => tennessee
informationen => information
kollegen => colleagues
deine => thine
zuschlüsseln => zuschlüsseln
nebenbranchen => nebenbranchen
bourbon => bourbon
destillerien => distilleries
verbringen => bring
hält => halts
stahlindustrie => steel industry
produktionsstätten => production plants
nichts => naught
kilobit => kilobit
seiten => sides
abwendung => averting
menlo => menlo
religiosität => religiousness
putin => putin
dating => dating
machte => made
nationalsozialismus => national socialism
leiten => lead
merken => mark; perceive
chronologie => chronology
diskriminierungen => discriminations
orientierung => orientation; orienteering
stärke => starch
schärft => sharpens
lesben => lesbians
symons => symons
ramsan => ramsan
bisexuelle => bisexual one
cameron => cameron
queere => queer one
homosexuellen => to homosexual ones
lgbt => lgbt
orientierungen => orientations
ressentiments => resentments
aktivismus => activism
tausende => thousands
fundamentalistische => fundamentalist one
homosexualität => homosexuality
aktion => action
identifizierten => identified
weder => whether
kadyrow => kadyrow
bilaterale => bilaterally
liegen => lie
fruitmarket => fruitmarket
nesrin => nesrin
rummikub => rummikub
herumwerkelt => herumwerkelt
details => details
setzen => set
untenrum => untenrum
filmporträts => film portraits
szene => scene
piccolo => piccolo
porträtieren => portraiture
besser => better
kamala => kamala
hildegard => hildegard
fsk => fsk
video => video
protagonisten => protagonists
sequenzen => sequences
arne => arne
shigeko => shigeko
knetfiguren => knetfiguren
arts => arts
unten => under
isao => isao
isaos => isaos
drife => drife
faszination => fascination
keller => cellar
einfamilienhäuschen => einfamilienhäuschen
hampana => hampana
media => media
samdereli => samdereli
realitäten => realities
yasemin => yasemin
bonsai => bonsai
filmproduktion => film production
animierten => animated
tabus => taboos
partnersuche => partner search
dokumentarfilm => documentary film
problemen => to problems
willkommen => welcome
komödie => comedy
almanya => almanya
kultivierten => cultivated
titel => title
sugihara => sugihara
concorde => concorde
schwestern => sisters
pragmatismus => pragmatism
diskussionen => discussions
soziale => social one
suchfeld => suchfeld
akteure => actors
zuckerbergs => of zuckerberg
professionalität => professionalism
initiativen => initiatives
analytica => analytica
deletefacebook => deletefacebook
lernen => learn; larn
griff => gripped
e => e
dsgvo => dsgvo
schlagwort => catchword
datenaffäre => data affair
regulierungen => regulations
maximum => maximum
formate => formats
situation => situation
adresse => address
cambridge => cambridge
suchfunktion => search function
investor => investor
politische => politically
konterte => countered
verständnis => understanding
mittelsmann => mittelsmann
religiöse => religiously
journalisten => journalists
fitnessaktivitäten => fitness activities
drittparteien => third parties
spd => spd
erziehungskompetenz => education competence
herrmann => herrmann
csu => csu
giffey => giffey
überblick => overlook
präferenzen => preferences
freistaat => free state
freimuth => freimuth
pädagogin => pedagogue
mansour => mansour
insofern => insofar; in so far
franziska => franziska
militarismus => militarism
erziehung => education
adressat => addressee
rolle => rolls
schulklassen => school classes
antisemitismus => anti-semitism
fehlen => fail
joachim => joachim
illner => illner
demonstrationen => demonstrations
netanyahu => netanyahu
ofir => ofir
darunter => thereunder; under
aiman => aiman
gilad => gilad
kritik => critic; critics
sderot => sderot
hamas => hamas
aschkelon => ashkelon
akunis => akunis
passieren => pass
auda => auda
premier => premier
terroristen => terrorists
betselem => betselem
tv => tv
naftali => naftali
massenproteste => mass protests
aviv => aviv
erdan => erdan
innere => inner; interior; internal
technologieressort => technology department
twitteraccount => twitteraccount
erziehungsminister => education minister
beginnende => beginning one
sargentinis => sargentinis
trends => trends
systematische => systematic one
verfassungs => verfassungs
parlaments => of parliament
kommission => commission
nationalen => to national ones
orban => orban
partei => party
präsentierte => presented
orbàn => orbàn
justizsystem => justice system
presse => presses
europaparlament => european parliament
judith => judith
meinungs => meinungs
dpa => dpa
fakten => facts
justizsystems => of justice system
sargentini => sargentini
evp => evp
fidesz => fidesz
forschungs => forschungs
september => september
nationalistischen => to nationalistic ones
prostituieren => prostitute
württemberg => wurttemberg
überwiegend => overwhelming
maintal => main valley
schleusern => schleusern
zuhälterei => zuhälterei
baden => baden
romann => romann
rotationsprinzip => rotation principle
touristenvisa => tourist visas
nordrhein => north rhine
gruppierung => grouping
eschborn => eschborn
hanau => hanau
nationalität => nationality
schleuserei => schleuserei
seehofer => seehofer
chancen => chances
humanitäre => humanitarian one
transsexuelle => transsexual one
speyer => speyer
schleuser => schleuser
saarbrücken => saarbrucken
massagesalons => massage parlours
prostituierten => prostituted
rodgau => rodgau
rastatt => rastatt
vorenthaltens => vorenthaltens
gsg => gsg
westfalen => westphalia
spezialeinheit => special unity
eingreifreserve => eingreifreserve
siegener => siegener
hatten => had
zwangsprostitution => compulsive prostitution
sieben => seven; sieve
badle => badle
identität => identity
komplizen => accomplices
ganderkesee => ganderkesee
touristen => tourists
reeperbahn => reeperbahn
halbausgepackte => half-unpacked
esc => esc
schweinchenkostüm => schweinchenkostüm
sommer => summer
republik => republic
feiernd => feting
fahren => fare
wohnen => wone
überall => universally
restaurants => restaurants
welcome => welcome
hsv => hsv
assoziieren => associate
trendgetränk => trend drink
büchen => büchen
spielbudenplatz => spielbudenplatz
leitkultur => leading culture
elmshorn => elmshorn
slalom => slalom
gesprochen => spoken; spoke; spoked
nachbarn => neighbours
vorgärten => front gardens
kreuzberg => kreuzberg
nerven => nerve
stinken => stink; stunk
wochendtreiben => wochendtreiben
schnidrig => schnidrig
medienstelle => media place
steinmann => steinmann
lanciert => launches; launched
unklare => unclear one
silvia => silvia
aschwanden => aschwanden
daniel => daniel
benecura => benecura
gesundheits => gesundheits
lancierung => lancierung
dossier => dossier
medizinalprodukt => medizinalprodukt
erich => erich
bonifizierung => bonifizierung
gerny => gerny
reduzieren => reduce
swissmedic => swissmedic
google => google
helsana => helsana
kalorien => calories
dominic => dominic
consumer => consumer
swica => swica
problem => problem
aktivitäten => activities
vitaldaten => vital data
kandidatur => candidature
kaffeehaus => coffee house
präsidentschaftskandidatur => presidency candidature
christliche => christian one
dekrete => decrees
interviewer => interviewer
diversität => diversity
basketballteam => basketball team
konservative => conservatively
posten => post
immigration => immigration
boykottieren => boycott
kritisierte => criticized; criticised
rösterei => rösterei
sanders => sanders
supersonics => supersonics
polarisierung => polarisation
präsidentschafts => of presidential shaft
trumps => trumps
mitte => middle
sportfans => sports fans
seattle => seattle
ökologische => ecological
state => state
afp => afp
chairman => chairman
dekaden => decades
defizite => deficits
brachte => brought
otc => otc
tradegate => tradegate
nasdaq => nasdaq
clinton => clinton
kategorisch => categorical; categoric; categorically
disney => disney
xetra => xetra
progressive => progressive
röstereien => röstereien
euclaim => euclaim
keppler => keppler
palma => palma
ryanair => ryanair
umgemeldet => umgemeldet
integrieren => integrate
air => air
laudamotion => laudamotion
mietjets => rent jets
janaillac => janaillac
airbnb => airbnb
streiks => strikes
überangebot => überangebot
umlackiert => umlackiert
preise => praises
roland => roland
britische => british one
airlines => airlines
lufthansa => lufthansa
hotels => hotels
reservemaschinen => reserve machines
wissel => wissel
dlr => dlr
warnte => warned
easyjet => easy jet
balearen => balearics
insider => insider
registrierte => registered
wetter => weather
touristikerin => touristikerin
organisationsprobleme => organisation problems
tuifly => tuifly
eurowings => eurowings
alagas => alagas
zetkin => zetkin
hände => hands
balzers => balzers
charme => charm
dyarbakir => dyarbakir
videoclip => video clip
sexismus => sexism
verloren => forlorn
globus => globe
baloise => baloise
kosmetik => kosmetik
geschlechtstransformation => gender transformation
presseagentur => press agency
clara => clara
jinnews => jinnews
sozialdemokratin => social democrat
roskosmos => roskosmos
führungsposition => leading position
liechtenstein => liechtenstein
china => china
reuters => reuters
nyffenegger => nyffenegger
kosmonaut => cosmonaut
laif => laif
sowjetrepubliken => soviet republics
matthes => matthes
türkei => turkey
internationale => international one
schkaplerow => schkaplerow
liechtensteiner => liechtenstein; liechtensteiner
protestmärsche => protest marches
chinesische => chinese one
workshops => workshops
offerieren => offer
raumstation => space station
patriarchat => patriarchy
safiye => safiye
kurdische => kurdish one
sildenafil => sildenafil
pille => pill; pellet
erektionen => erections
testeten => tested
pfizer => pfizer
sexleben => sex lives
symmetrischen => to symmetrical ones
grata => grata
kia => kia
walentina => walentina
diplomaten => diplomats
non => non
matviyenko => matviyenko
grossbritannien => great britain
persona => persona
dukor => dukor
salisbury => salisbury
grigory => grigory
boftschaftsmitarbeiter => boftschaftsmitarbeiter
krachen => crash; crack; crunch
ferrat => ferrat
fossati => fossati
retortenstadt => retort town
norden => north
partys => parties
springbreak => springbreak
cancun => cancun
yucatánhalbinsel => yucatánhalbinsel
julien => julien
eldorado => eldorado
abzufeiern => abzufeiern
normalisierung => normalization
maltsev => maltsev
salvini => salvini
forza => forza
rechtspopulist => right-wing populist
hinter => hinder
nato => nato
argumentieren => argumentation
lega => lega
anatoly => anatoly
terrorismus => terrorism
russophil => russophil
bringen => bring
matteo => matteo
italia => italia
andrea => andrea
skripal => skripal
transatlantischen => to trans-atlantic
protestpartei => protest party
spalinger => spalinger
gentilonis => gentilonis
democratico => democratico
parteien => parties
deklaration => declaration
populisten => populists
maio => maio
isoliere => insulate
keystone => keystone
balanceakt => balancing act
linken => link
partito => partito
berlusconi => berlusconi
regime => regimen
gentiloni => gentiloni
migrationsproblems => of migration problem
stockholmer => stockholm
sda => sda
britischer => british one
julian => julian
ecudor => ecudor
assange => assange
diplomatischen => to diplomatic ones
wikileaks => wikileaks
dokumente => documents
nicholls => nicholls
ecuadorianische => ecuadorianische
assanges => assanges
schweden => sweden
quito => quito
taxes => taxes
they => they
loss => loss
others => others
governments => governments
delivery => delivery
putting => putting
stated => stated
thousands => thousands
tweets => tweets
as => ace
unlike => unlike
axios => axios
local => local
realdonaldtrump => realdonaldtrump
many => many
their => their
enorm => enormous
our => our
j => j
election => election
postsystem => postal system
little => little
präsidenten => presidents
retailers => retailers
causing => causing
bezos => bezos
tremendous => tremendous
concerns => concerns
with => with
freunde => friends
göttler => göttler
taten => did
lüschow => lüschow
lebenspartnerschaft => life partnership
lebenspartnerschaften => life partnerships
bundestag => bundestag
lebten => lived
claudia => claudia
bundesrat => the bundesrat
heterosexuellen => to heterosexual ones
partnerschaften => partnerships
dorle => dorle
quartal => quarter
reinhard => reinhard
hamburg => hamburg
hielten => held
anstrengend => distressing
rumble => rumble
täufer => täufer
lösen => loosen
baddest => baddest
getty => getty
bigotterie => bigotry
meine => mine
muhammad => muhammad
halle => halle
kamen => came
opfern => offer
bestohlen => stolen
images => images
erklären => declare
ideale => ideal one
promoter => promoter
getrampelt => trampled
treten => tread
komponenten => components
parker => parker
promoten => promote
puncher => puncher
online => online; on-line; on line
jungle => jungle
unparteiisch => impartial; impartially; nonpartisan
job => job
joshua => joshua
regelte => regulated
promotet => promotes
king => king
reagierte => reacted
mazda => mazda
autonom => autonomous; autonomic; autonomical
assistenzsystem => assistance system
uber => uber
tesla => tesla
sekunden => seconds
okon => okon
borno => borno
teenageralter => teenager-old
boko => boko
polizeichef => police chief
haram => haram
nordosten => north-east
edet => edet
maiduguri => maiduguri
dapchi => dapchi
domodossola => domodossola
ansa => ansa
rettungsteams => rescue teams
vigezzo => vigezzo
camedo => camedo
meis => meis
tessiner => tessiner
korrekte => correct one
proteinvergiftung => protein poisoning
moderner => moderner
habilis => habilis
dokumentierten => documented
normalfall => normal case
prämisse => premise
ratten => rat
kumuliert => cumulative; accumulated; cumulated
proteinen => to proteins
ideologische => ideologically
energiewert => energy-worth
smoothie => smoothie
abstruse => abstruse one
untergewichtig => underweight
kombiniert => combined; combines; combinated; combinates
primatologie => primatologie
lippen => lips
fans => fans
signifikant => significant; significantly
gelatinierung => gelatinierung
rohform => raw form
habitaten => to habitats
these => thesis
toxine => toxins
methoden => methods
realität => reality
ileostomiepatienten => ileostomiepatienten
erleichtern => lighten
paleo => paleo
gießener => gießener
sozialleben => social lives
verdaulichkeit => verdaulichkeit
primatologe => primatologist
mehrgewinn => mehrgewinn
hochkalorische => hochkalorische
wilde => wild
denaturierung => denaturierung
metabolischen => to metabolic ones
evolutionäre => evolutionary one
effizienten => to efficient ones
bakterien => bacterium; eubacteria
buchtipp => book tip
biologie => biology
rohköstler => rohköstler
wrangham => wrangham
erectus => erectus
kranialkapazität => kranialkapazität
pürierstäben => pürierstäben
rohköstlern => rohköstlern
bilden => build
physikalische => physical one
ons => ons
videoplattform => videoplatform
installieren => install; instal
manifest => manifest; manifesto
mozilla => mozilla
chrome => to chrome
add => add
firefox => firefox
browser => browser
internetnutzer => internet user
optional => optional; optionally
retten => retrieve; redeem
apple => apple
kratzen => scratch
nuller => nuller
zehnte => tenth
silicon => silicone
valley => valley
stationierten => stationed
todendorf => todendorf
grondgebonden => grondgebonden
mantis => mantis
militärkooperation => military cooperation
schleswig => schleswig
truppen => troops
luchtverdedigingscommando => luchtverdedigingscommando
defensie => defensie
vredepeel => vredepeel
schießplatz => schiessplatz
abbrecher => abbrecher
hannack => hannack
runden => round; rounding
ein => one; an
es => ess
wohl => well
polizei => police
seine => seine
zum => to
habe => have
polizisten => policemen
als => as
telefon => telefon
betrunken => drunk; drunken; get drunk
wollte => would
laut => loud; aloud; loudly
zu => to; too
plan => plan; planar
in => in
dieser => these
am => am
die => the
und => and
sie => she
dorothee => dorothee
zwei => two; twain
helme => helmets
ist => is
trat => trod
beginnt => begins
vom => from
dauert => takes
wasser => water
mai => may
spaten => spade
elegant => elegant; elegantly
fertig => readily
über => over
karriere => career
unter => under
dieses => these
millionen => millions
zur => to
park => park
drei => three; trey
projekt => projects
hat => has; hath
für => for
wenn => when; whenever
wie => when
franken => franconia; franks
grundwasser => groundwater
oktober => october
ceo => ceo
vibriert => vibrates; vibrated
moment => moment; momentum
natürlich => natural; naturally
fisch => fish
markus => mark
akt => act
nun => now
historischen => historically
konzession => concession
westen => west
zürich => zurich
so => so
neue => new
bieten => bid
rund => round; rotund; rounded; around
orange => orange; orange tree; oranges
erfüllen => fill
alt => old; aged
august => august
notiert => noted; notes; noticed
per => per
risiko => risk
disqualifiziert => disqualifies; disqualified
trump => trump
dezember => december
lehnte => leant
obama => obama
offen => opened
virginia => virginia
rekruten => recruits
identifizieren => identify
washington => washington
schluss => schluss
barack => barack
unterzeichnet => undersigned; undersigns; initialed
januar => january
james => james
freitag => friday
medizinische => medically; medical
true => true
kontrovers => controversial; controversially
diese => these
antwort => answer
kommen => come
ursula => ursula
absurd => absurd; absurdly
uns => us; uns
konkret => concrete; concretely
kritiker => critic
thema => theme
schärfste => sharpest
finden => find
hier => here; herein
eu => eu
artikel => article
cocktail => cocktail
kann => can
denise => denise
aggressiv => aggressive; aggressively; aggressiv
frankfurter => frankfurter
plus => plus
haben => have
alle => all
z => z
bestatter => bestatter
muss => must
furchtbar => formidable
denn => then
harald => harold
tanja => tanya
hast => hast
münchen => munich
was => what
momente => moments
a => a
schnupfen => snuff
will => will
winter => winter
new => new
war => was
pjöngjang => pyongyang
sängerin => singer
times => times
dennis => dennis
dior => dior
orchester => orchestra
hungert => hungers
fotos => photos
elegante => elegant
sol => sol; so
mystery => mystery
mutter => mater
york => york
staat => state
ri => ri
fiel => fell
ob => ob
il => il
ihm => him
woman => woman
optisch => optical; optic; optically
us => us
stammen => stem
sehen => see
asien => asia
professor => professor
kims => kims
jong => jong
cheerleaderin => cheerleader
sagen => say
produzent => producer
halten => halt
krise => crisis
reicht => reaches
idioten => idiots
mittel => middle
unternehmen => undertake; intend
verboten => forbidden; verboten
brüssel => brussels
sanktionen => sanctions
absender => sender
weg => away
alternativen => to alternative ones
scheinen => shine
tun => do
irland => ireland
argument => argument
christopher => christopher
operiert => operated
ulrich => ulrich
ignoriert => ignored; ignores
tina => tina
wen => who
internet => internet
worden => were
scheint => shines
ernst => earnest; earnestly
jennifer => jennifer
whiskey => whisky
facebook => facebook
amerikanische => american one
milliarden => milliards
erdnussbutter => peanut butter
selbst => self
gerecht => right
reagiert => reacted
unterwegs => underway
all => all
mag => may
juristische => juridical one
europa => europe; europa
christian => christian
fall => fall
richtige => right one
vor => before; for
amerika => americas; america; amerika
meinen => mean; imagine
mein => mine
download => download
dublin => dublin
dies => these
gebracht => brought
eben => even
technisch => technical; technically; technic; technicality; technique; technological
pr => pr
wo => who
kalifornien => california
erfunden => unfounded
kollege => colleague
david => david
jonathan => jonathan
w => w
hundert => hundred
autoren => authors
staaten => states
frustriert => frustrated; frustrates
bilanz => balance
erwartet => awaited
premierminister => prime minister
formieren => form
ehe => ere
george => george
rechte => right
gesucht => sought
homosexuelle => homosexually
altman => altman
hillary => hillary
wladimir => vladimir
acht => eight
bush => bush
recht => right; straight
gebessert => bettered
politischen => to political ones
paar => pair
film => film
romantik => romantic
indien => india
coast => coast
konsequent => consistent; consequential; consequently; consequent
kulturen => cultures
kg => kg
sex => sex
scham => shame
tat => did
herz => heart
gut => good
usa => usa
witzig => wittily
pack => pack
trailer => trailer
intellektuellen => to intellectual ones
gmbh => gmbh
nett => neat
ja => yea
adoption => adoption
paare => pairs
japan => japan
genre => genre
juristisch => juridical; juristic; juridic; juridically; juristical
arbeit => harvest
bill => bill
alter => elder
familie => family
balance => balance
findet => finds
wunderbar => wonderful; wonderfully
nackt => naked
japanerin => japanese
sitzen => sit
kichert => snickers; sniggers
april => april
nachts => nighttime; nights; night
co => co
produktion => production
kamera => kamera
komplizierten => complicated
norman => norman
nächte => nights
akzeptiert => accepted; accepts
pennsylvania => pennsylvania
east => east
positiven => to positive ones
heinz => heinz
gab => gave
zuckerberg => zuckerberg
mail => mail
aktiviert => activated; activates
unglücklich => unluckily
telefonat => telephone call
zuvor => before; afore
telefonkonferenz => tele-phone conference
kontrollen => controls
englisch => English; angelic; angelical; english
daten => date; data
affäre => affair
mike => mike
gesehen => seen
interessen => interests
briten => britons
helfen => help
informieren => inform
ende => end
adressen => addresses
union => union
kassiert => cashed
positiv => positive; positively; proactive
sollten => should
technik => technique
gefunden => found; funds
weise => wise; wisely
ingrid => ingrid
schule => school
tradition => tradition
handeln => handle; haggle
historische => historical; historical map
moderne => modern one
zentrale => centrally
psychologe => psychologist
ahmad => ahmad
schulen => school
kompensieren => compensate; compensate for
kompetent => competent; competently
jener => yonder
israelische => israeli one
palästinenser => palestinians
fällt => falls; fells
hunderte => hundreds; hundredths
tel => tel.
or => or
gaza => gaza
zehntausende => ten thousands
dienstag => tuesday
unklar => unclear
minister => minister
bennett => bennett
heller => heller
twitter => twitter
hebräisch => Hebraic; hebraic
kabinett => cabinet; kabinett
benjamin => benjamin
schrieb => scribed
montag => monday
gestartet => started; started up
ungarn => hungary
grünen => green
kurs => course
triumphiert => triumphs; triumphed
werfen => whelp
korruption => corruption
konfrontation => confrontation
viktor => victor
polen => poland; poles
demokratie => democracy
prostituierte => prostituted
thailand => thailand
prostitution => prostitution
zehn => ten
alexander => alexander
euro => euro
spur => spur
kam => came
harter => hard one
objekte => objects
richten => straighten
kriminellen => to criminal ones
sprechen => speak
main => main
deutsch => dutch
frankfurt => frankfurt
reaktionen => reactions
kriminalität => criminal activity
morgen => morn
organisierte => organised; organized
kosten => cost
hessen => hesse
dieter => dieter
organisierten => organised
aktiv => active; actively; proactive
wann => when; what
horst => horst
kommuniziert => communes; communicated; communicates
kennen => ken
wollen => will; woolen; woollen; woolly
hamburger => hamburger
mexikaner => mexican
toiletten => toilets
pauli => pauli
pinkeln => piddle
missverständnisse => misunderstandings
hälfte => half
danken => thank
hotel => hostel
meiner => mine
go => go
nervt => nerves
gepinkelt => piddled; tinkled
no => no
penisse => penes
lieber => rather
st => st
bars => bars
taxi => taxi cab
bestellen => tell
fan => fan
stinkt => stinks
area => area
zone => zone
lauter => louder
bevor => before; afore
bier => beer
beatles => the beatles
verbarrikadiert => barricades; barricaded
karneval => carnival
wochenenden => week-ends
intensiven => to intensive ones
kurz => curt
vorgarten => front garden
motivieren => motivate
medizinisch => medical; medicinal; medically; medicinally
patienten => patients
via => via
konzipiert => conceived
namen => names
existieren => exist; existence
unterliegen => underlie
patientinnen => patients
check => check
getrieben => driven
stefan => stephen
pikant => piquant; poignant
symptom => symptom
eigentlich => essentially
erklärt => declared; declares
praxis => praxis
spital => spital
erfüllt => fulfilled; fulfills
symptome => symptoms
smartphone => smartphone
konsultieren => consult
optionen => options
starbucks => starbucks
reserve => reserves
erreichen => reach
kaffee => coffee
juni => june
weit => wide
koste => costs
lang => long; along
medium => medium
bernie => bernie
rhetorische => rhetorically
illinois => illinois
anstreben => aspire; strive
reichen => reach
sauer => sore
bob => bob
london => london
tritt => treads
jungen => young
exchange => exchange
italien => italy
kritisiert => criticizes; criticised; criticises; criticized; critiqued; critiques
chaos => chaos
oklahoma => oklahoma
mailand => milan
produzieren => produce
amerikas => america
fett => fat; fatty
prominente => prominent one
university => university
symbole => symbols
global => global; globally
firma => firm
arizona => arizona
stuttgart => stuttgart
demokrat => democrat
schultz => schultz
spekulationen => speculations
executive => executive
finanziellen => to financial ones
lokale => local one
ökonomische => economic one
tief => deep
gruppen => groups
amt => amt
clinch => clinch
howard => howard
links => links
brachten => brought
experten => experts
breiter => broader
gerald => gerald
überfordern => overcharge; overburden
datenbank => databanks
infrastruktur => infrastructure
france => france
marc => marc
metall => metal
oft => oft
fliegt => flies
juli => july
struktur => structure
märz => march
crews => crews
analyse => analyzing
post => post
thomas => thomas
organisation => organization
geplant => planned
überbleibsel => überbleibsel
jean => jean
passagiere => passengers
berlin => berlin
beginn => begin
de => de; dee
mieten => let
portal => portal
produkt => product
streichen => strike
mallorca => majorca; mallorca
akten => acts
mission => mission
angela => angela
zelebrieren => celebrate
interview => interview
konservativen => to conservative ones
internationalen => to international ones
mikrofon => microphone
heiko => heiko
diskriminierung => discrimination
parties => parties
konservativ => conservative; conservatively; Conservative Party
ideal => ideal; ideally
energie => energy
demonstrieren => demonstrate
russland => russia
gefeiert => feasted; feted
diskriminiert => discriminated; discriminates
manuela => manuela
organisiert => organized; organizes; organised; organises
reiben => rub
los => loose
anton => anton
westeuropa => western europe
hoffen => hope
her => here
geschluckt => swallowed
reiner => cleaner
ließ => let
interessanten => interestingly
nebeneffekt => side effect
viagra => viagra
packen => pack; package
reaktion => reactionary
moskau => moscow
richtig => rightly
mexikanische => mexican one
mexiko => mexico
studenten => students
prüde => prude
martin => martin
cinque => cinque
paolo => paolo
kooperation => cooperation
kulturell => cultural; culturally; culture
allianz => alliance
silvio => silvio
wichtiger => weightier
unabdingbar => inalienable; inevitable; unalienable
nordafrika => north africa
gebildet => civilized
traditionell => traditional; traditionally
di => di
luigi => luigi
politisch => political; politically; politic
rom => rom; rome
ecuador => ecuador
kommunizieren => communicate; commune; comunicate
australier => australian
londoner => london; londoner
verhindert => hinders
peter => peter
asyl => asylum
kritischen => to critical ones
sarah => sarah
long => long
pay => pay
i => i
u => u
weißen => whiten
gesagt => said
profitiert => profits; profited
are => ares
out => out
have => have
the => the
website => website
lange => long
business => business
minus => minus
amazon => amazon
kritisch => critical; crucial; critically; sceptical
before => before
tausend => thousand
jeff => jeff
warteten => waited
sprecher => speaker
heterosexuelle => heterosexual one
gaben => gave
hannover => hanover
neu => new; anew
bund => bundle
friedrich => frederic; frederick
schlossen => closed
paaren => pair
eingetreten => entered
partnerschaft => partnership
joseph => joseph
unkontrollierbar => uncontrollable; uncontrollably
foreman => foreman
mandela => mandela
ali => ali
boxen => box
ap => ap
boxer => boxer
heiliger => holier
rassismus => racism
goebbels => goebbels
tut => do
unvorhersehbar => unforeseeable
beschreiben => describe
oh => oh
gott => god
binden => bind; band
jimmy => jimmy
tageslicht => daylight; day light
davor => before
runter => under
johannes => johannes
realist => realist
härtere => harder one
spaltung => splitting
passiert => passes; passed
geld => gelt
gesteckt => stuck; tucked
geboxt => boxed
exil => exile
rassist => racist
carter => carter
joe => joe
anthony => anthony
don => don
pin => pin
existiert => exists; existed
propaganda => propaganda
cleveland => cleveland
tyson => tyson
kontakt => contact
traumatisiert => traumatised; traumatises; traumatizea; traumatized
nelson => nelson
präsentiert => presents; presented
frazier => frazier
erreicht => reached
box => box
embryo => embryo
typen => types
ohio => ohio
audi => audi
konzentrieren => concentrate
technischen => to technical ones
negativ => negative; negatively
fehlfunktionen => malfunctionings
x => x
warnung => warning
ruf => ruf
model => model
fokus => focus
stand => stood
autopiloten => autopilots
gesprengt => sprinkled
nigeria => nigeria
uno => one
februar => february
just => just
unterbrochen => interrupted
strassen => streets
re => re
kilometer => kilometre
dutzend => dozen
anthropologie => anthropology
urinieren => urinate
universität => university
evolution => evolution
gewicht => weight
chemische => chemically
begann => began; begun
unnatürlich => unnatural; unnaturally; nonnatural
frei => free; freely
spezifischen => to specific ones
biologische => biological one
passen => pass
katalysator => catalysis
hunger => hunger
relativ => relative; relatively
kauen => cam
richard => richard
sparen => spare
länger => longer
exakt => exact; exactly
vitamine => vitamins
physiologie => physiology
absolut => absolute; absolutely
prinzip => principle
unrealistisch => unrealistic; unrealistically
gesund => sound
qualität => quality
massive => massive one
harvard => harvard
schliefen => slip
diversen => diverse
praktisch => practical; practically; in practice
primaten => to primates
c => c
kritische => critically
schimpansen => chimpanzees
offene => open
software => software
nachbarschaft => neighborhood
zwingend => stringent
kopf => top
youtube => youtube
standard => standard
explorer => explorer
geschüttelt => rattled
kommando => commando
stationiert => stationed
mali => mali
niederlande => netherlands
abbrecherquoten => abbrecherquoten
jobs => jobs
sicherheits => sicherheits
beginnen => begin
elke => elke
ausbildungen => ausbildungen
abbrecherquote => abbrecherquote
extrem => extreme; extremely
dgb => dgb
panik => panic
detailliert => detailed
einladen => load
gegoogelt => googled
jenni => jenni
boot => boat
madsen => madsen
videos => videos
sylvest => sylvest
jakob => jacob
jepsen => jepsen
schwedische => swedish one
kopenhagen => copenhagen
journalistin => journalist
dokumentation => documentation
fallen => fall
kopenhagener => copenhagen
psychologische => psychologically
madsens => madsens
reichten => reached
listete => listed
prozesstag => process day
thier => thier
susanne => susan
antwortet => answers
vöhringer => vöhringer
anonymisierung => anonymisierung
papier => paper
soziologie => sociology
sortierten => sorted
schwinden => dwindle; shrink
stream => stream
dynamik => dynamism
espresso => espresso
flyer => flyer
plattformen => platforms
integrationsprojekt => integration project
kleben => cleave
portmann => portmann
hofer => hofer
grossfamilie => great family
beschreibt => describes
hängte => hang
hängt => hangs
traugott => traugott
informelle => informal one
rot => red
halbstundentakt => half hour tact
kontakte => contacts
ostermontag => easter monday
karin => karin
streifen => streak; stripe
kirchgemeinde => kirchgemeinde
freiburg => freiburg; fribourg
konzentriert => concentrated; concentrate; concentration
netzwerke => networks
neuzuzüger => neuzuzüger
erprobt => approved
wenger => wenger
engagieren => engage
live => live
industriell => industrial; industrially
jüngste => youngest
türe => türe
eindrücke => eindrücke
interaktion => interaction
schild => shield
wohnüberbauungen => wohnüberbauungen
bern => bern; berne
älteste => eldest; oldest
stecken => stick
quasi => quasi
challenge => challenge
individualismus => individualism
kirchgemeindehaus => kirchgemeindehaus
neuenegg => neuenegg
anonymität => anonymity
errichtet => erected
neuenegger => neuenegger
nzz => nzz
technologie => technology
exporte => exports
gesunken => sunk; sunken
exportieren => export
monat => month
fielen => fell
negativen => to negative ones
regulierung => regulation
fördern => further; foster
sekundärmarkt => secondary market
doppelte => doubled
theorie => theory
primärmarkt => primary market
endlosschlaufe => endless loop
immigranten => immigrants
evergreen => evergreen
langer => long one
grotesk => grotesque; grotesquely
hermann => herman
debatte => debate
resultat => result
mitfinanzieren => cofinance
strecke => stretches
liberal => liberal; liberally
erleichtert => lightens
individualisten => individualists
outsidern => to outsiders
deregulierung => deregulation
rudolf => rudolph
stockholm => stockholm
sozial => social; societal; socially
geweckt => awaked
kommentar => comment
nationen => nations
konfuzianisch => Confucian
innerhalb => internal; internally
konflikten => to conflicts
starten => start; start up
thesen => theses
weber => weaver
diskussionspapier => discussion paper
individuelle => individuals
historisch => historic; historical; historically
zollikon => zollikon
generell => general; generally
wille => will
protestantisch => Protestant; protestant
protestanten => protestants
oecd => oecd
nigerianer => nigerian
goldküste => gold coast
individuellen => to individual ones
armin => armin
australien => australia
amerikaner => american; americans
bildung => breeding
klima => climate; clime
orientiert => oriented; orientates; orientated; orients
fehr => fehr
set => set
technologischem => to technological one
kapital => capital; capitally
traditionelle => traditional one
allzu => all too
risikoscheuer => risk-shier
gymi => gymi
antworten => answer; answering
sanktionieren => sanction
portugiesen => portuguese
bonn => bonn
kultur => culture
geografie => geography
reich => rich; richly
afrika => africa
intuitiv => intuitive; intuitional; intuitively
falk => falk
max => max
finnen => finns
friktionen => frictions
beantworten => answer
reformation => reformation
kalt => cold
antioch => antioch
nashville => nashville
pass => pass; passkey
gefallen => fallen
kehrer => kehrer
bittencourt => bittencourt
schlussmann => schlussmann
konoplyanka => konoplyanka
oczipka => oczipka
restprogramm => rest programme
saison => season
ukrainer => ukrainian
perfekt => perfect; perfectly
stambouli => stambouli
trainiert => trained; trains
koziello => koziello
simon => simon
league => league
özcan => özcan
wolfsburg => wolfsburg
jonas => jonas
mere => mere
heintz => heintz
maroh => maroh
theoretisch => theoretical; theoretic; theoretically; theoreticly
ralf => ralf
borussia => borussia
höger => höger
trainer => trainer
salih => salih
sörensen => sörensen
santo => santo
embolo => embolo
marco => marco
bundesliga => bundesliga
champions => champions
profitierte => profited
gesetzt => sedate; seated
fc => fc
relegationsrang => relegationsrang
goretzka => goretzka
burgstaller => burgstaller
fritz => fritz
klub => club
bentaleb => bentaleb
mckennie => mckennie
breel => breel
leonardo => leonardo
fährmann => ferryman
horn => horn; cornet
timo => timo
marcel => marcel
hector => hector
naldo => naldo
caligiuri => caligiuri
terodde => terodde
ruthenbeck => ruthenbeck
yevhen => yevhen
says => says
short => short
couldn => couldn
from => from
wrestled => wrestled
burned => burnt
save => sava
terminator => terminator
persons => persons
eingreifen => encroach
chris => chris
jr => jr
m => m
aaron => aaron
hero => hero
this => this
waffle => waffle
rifle => rifle
pressekonferenz => press conference
conte => conte
murfreesboro => murfreesboro
pick => peck
opened => opened
people => people
lag => lay
lokal => local; locally
breaking => breaking
glücklich => luckily
teller => teller
foot => foot
gewartet => waited
held => held
fled => fled
wounded => wounded
superman => superman
up => up
mnpdnashville => mnpdnashville
hair => hair
metro => metro
nude => nude
used => used
more => more
grabbing => grabbing
four => four
waffel => waffle
hands => hands
he => hey
shot => shot
house => house
patron => patron
gunman => gunman
fatally => fatally
com => com
gun => gun
away => away
kill => kill
chrisconte => chrisconte
fire => fire
pic => pic
white => white
sorry => sorry
shaw => shaw
händigten => händigten
at => at; ate
barrel => barrel
sah => saw
spektakulären => to spectacular ones
sexuell => sexual; sexually
spektakulär => spectacular; spectacularly
gefesselt => fettered
schwer => severe
sagten => said
dänemark => denmark
psychologen => psychologists
tue => do
aubrey => aubrey
afroamerikanische => afroamerikanische
oceanside => oceanside
rebellisch => rebellious; rebelliously; rebel
football => football
transportiert => transports; transported
brit => brit
flops => flops
robin => robin
metapher => metaphor
monologe => monologues
tragödie => tragedy
schultern => shoulder
trim => trim
flip => flip
schwester => sister
nadja => nadja
parks => parks
beraubt => bereaved
einst => erst
motels => motels
footballspieler => football player
atmosphäre => atmosphere
rowohlt => rowohlt
nadjas => nadjas
tragische => tragically
repressiven => to repressive ones
detje => detje
intelligent => intelligent; intelligently
bennetts => bennetts
begonnen => begun
explizit => explicit; explicitly
trauma => trauma
roman => roman
obsessiv => obsessive; obsessively; obsessional
luke => luke
emma => emma
chores => chores
debüt => debut
strenge => stringently
kaliforniens => of california
lady => lady
funktionieren => function
first => first
afroamerikanerin => afro-american
junger => young one
selbstoptimierten => selfoptimized
ploppt => plops
kilogramm => kilogramme
startup => startup
november => november
sirplus => sir-plus
apfel => apfel
industrie => industry
meines => mine
suppe => soup
mhd => mhd
unsicher => insecure; unsafe
chips => chips
letzter => latter
schnüffelt => sniffles; snuffles
snacks => snacks
good => good
laden => load; upload; loading
biosupermarkt => biosupermarket
achte => eighth; eighthes; eighths
genießbar => eatable
testen => test
klingelt => jingles
karton => card
veggie => veggie
popcorn => popcorn
suv => suv
kontrolliert => controlled; controled; controls
differenzen => differences
tu => tu
nase => nose
tee => tea; tee
too => too
produkten => to products
tonnen => tonnes
wandert => wanders
glas => glass
spontan => spontaneous; spontaneously
tennismatch => tennis match
geburtstag => birthday
net => not
amüsierten => amused
album => album
hit => hit
interviews => interviews
studio => studio
mitbringen => bring
beste => best
me => me
wasn => wasn
vibe => vibe
lacht => laughs
queen => queen
sting => sting
okay => okay; okey
talent => talent
songs => songs
royal => royal
wait => wait
shaggy => shaggy
kontext => context
performen => perform
humor => humor
make => make
albert => albert
martina => martina
krass => crass
gelernt => learned; learnt
heidelberg => heidelberg
finde => finds
stubenhockerin => stubenhockerin
michel => michel
computerspiele => computer games
caro => caro
neuseeland => new zealand
unbeschreiblich => indescribable; indescribably; undescribable; undescribably
echt => echt
ärgern => anger
kino => cinema
england => england
hellfritz => hellfritz
kita => kita
gestritten => spatted
rebelliert => rebelled; rebels; revolted
studiert => studied
studentin => student
planen => plan; plot
privat => private; privately
cousins => cousins
cousinen => cousins
abends => evenings
sehe => see
skeptisch => sceptical; skeptical; skeptic; sceptic; sceptically
situationen => situations
zufrieden => chuffed
rest => rest
pizza => pizza
highway => highway
gestopft => stuffed
halbe => half one
warten => wait
priorität => priority
babyfotos => baby photos
puna => puna
neuer => newer
lava => lava
stenback => stenback
gasmasken => gas masks
evakuiert => evacuated; evacuates
maija => maija
viral => viral; virally
abaya => abaya
leilani => leilani
estates => estates
hallo => hello; hallo
naturspektakel => natural spectacle
gepackt => packed
vulkan => volcano; vulcano
hawaii => hawaii
super => super
lebe => lives
handvoll => handful
computer => computer
blocks => blocks
checkpoint => checkpoint
häuser => houses
telefonieren => telephone
gestoppt => stopped
jenny => jenny
hauptquartier => headquarters
protest => protest
stetig => steadily
durkan => durkan
tech => tech
petrasso => petrasso
ibrahimovic => ibrahimovic
angeles => angeles
conference => conference
flachen => flatten
club => club
partie => part
tabellenplatz => tabellenplatz
galaxy => galaxy
zlatan => zlatan
michael => michael
siebten => sieved
la => la
ismail => ismail
karte => card
elfath => elfath
montreal => montreal
fußballstar => football star
western => western
theatralisch => theatrical; theatric
mls => mls
impact => impact
ibrahimovics => ibrahimovics
kinney => kinney
finanzsektor => financial sector
kommentieren => comment; comment on; commentate
catherine => catherine
akquisitionen => acquisitions
stacey => stacey
intercontinental => intercontinental
tom => tom
adena => adena
finanztechnologie => finance technology
yorker => yorker
farley => farley
nyse => nyse
ice => ice
finanzinvestor => finance investor
friedman => friedman
cunningham => cunningham
exchance => ex-chance
produkte => products
wto => wto
altmaier => altmaier
spekulieren => speculate
negative => negatively
taktik => tactics
kommissionssprecher => commission speaker
liefern => cater
globale => global one
aluminium => aluminium
konkreten => to concrete ones
überproduktion => overproduction
überflutet => overflooded
aluminiumeinfuhren => aluminium imports
stahlexporte => steel exports
importquoten => import rates
plausibel => plausible; feasible; plausibly
autobauer => automaker
seoul => seoul
hauptproblem => main problem
bereitet => readied
merkel => merkel
permanent => permanent; permanently
welthandelsorganisation => world trade organization
systematisch => systematic; systematically; systematical; symmetrically
misstrauen => mistrust
john => john
wind => wind
hoorn => hoorn
epa => epa
wan => wan
jacht => yacht
kap => cape
meilen => miles
wassertemperatur => water temperature
fisher => fisher
race => race
brite => brit; briton
hongkong => hong kong
scallywag => scallywag
deck => deck
hour => hour
knoten => knot
vestas => vestas
sun => sun
racing => racing
jeremie => jeremie
ocean => ocean
kollidiert => collides; collided
hung => hung
lecaudy => lecaudy
put => put
lakos => lakos
feldstein => fieldstone
noland => noland
jerome => jerome
bujas => bujas
dubravko => dubravko
spitzentechnologie => top technology
problematik => problems
marktinterventionen => market interventions
aggressiven => to aggressive ones
rekord => record
problematische => problematically
backs => backs
fed => fed
portfolio => port folio
analysen => analyses
behandelt => handled; handles
bio => bio
doktrinen => doctrines
theorien => theories
doug => doug
finanzblase => finance bubble
märkte => markets
refinanzierung => refinanzierung
cash => cash
konfrontiert => confronts; confronted
regimewechsel => regime change
jp => jp
manager => manager
aussicht => sight
morgan => morgan
board => board
zentralbankliquidität => central bank liquidity
instrumentarium => instrumentarium
management => management
mcalvany => mcalvany
cows => cows
steven => steven
meistern => master; mastery
exzessiv => excessive; excessively; excess
finanzkrise => financial crisis
kontinuität => continuity
lombard => lombard
finanziert => financed; finances
powell => powell
teurer => dearer
capital => capital
technologietransfer => technology transfer
technologietransfers => of technology transfer
buy => buy
konsequenzen => consequences
shedlock => shedlock
reziproke => reciprocal one
finanzmärkte => financial markets
sitkapacific => sitkapacific
wealth => wealth
federal => federal
addierten => added
applications => applications
aaa => aaa
accelerator => accelerator
rivalen => rivals
gentherapie => genetic therapy
avexis => avexis
transaktionen => transactions
sma => sma
glaxosmithkline => glaxosmithkline
krebsspezialisten => cancer specialists
neurodegenerative => neuro-degenerative
genetische => genetical
narasimhan => narasimhan
vas => vas
klinische => clinical one
aktuell => actual
gentherapien => genetic therapies
advanced => advanced
therapie => therapy
studien => studies
klinischen => to clinical ones
novartis => novartis
bitter => bitter; bitterly
hab => has
toni => toni
polster => upholsterer
ausbruchsregion => outbreak region
nordwestlich => northwestern; northwest; northwesterly; north-western; north-west
elektrizität => electricity
guinea => guinea
sanitäre => sanitary one
merck => merck
million => million; one million
who => who
kongo => congo
infizieren => infect
celsius => celsius
blutungen => bleeding
demokratische => democratic one
sierra => sierra
westafrika => west africa
virus => virus
szenarien => scenarios
salama => salama
mbandaka => mbandaka
ebola => ebola
infizierten => infected
bikoro => bikoro
katastrophal => catastrophic; catastrophically; catastrophical
liberia => liberia
leone => leone
sexualleben => sexual lives
kompositionsstudent => composition student
student => student
aktivieren => activate; actuate
franz => franz
javascript => javascript
aggressivität => aggressiveness
welch => which
bose => bose
dialog => dialogue
stimulierte => stimulated
unwohl => unwell
jürgen => jürgen
texten => text
registrierung => registration
saß => sat
worte => words
oper => opera
komponierte => composed
wunderte => wondered
porno => porn
musik => music
oral => oral; orally
professors => of professor
pornofilme => porno films
kafka => kafka
irene => irene
nsu => nsu
mihalic => mihalic
unberechenbar => unreckonable
rechter => right
circa => circa
nazis => nazis
rechtsextremisten => right-wing extremists
personenpotenzial => personal potential
profitabel => profitable; profitably
schwach => slight
tituliert => titled
sanken => sank
asset => asset
relation => relation
rating => rating
branchenbester => branch-best
christoph => christopher
branchen => branches
wertlos => worthless; useless; worthlessly
hase => hare
hedge => hedge
poor => poor
kostet => costs
transaction => trans-action
investmentbank => investment bank
négligeable => négligeable
debattieren => debate
frustrierenden => to frustrating ones
langfristig => long-ranging
präsent => present
liquiditätsreserven => liquidity reserves
quantité => quantité
ausbalancieren => balance
wecken => awaken; wake; waken
produziert => produced; produces
marktkapitalisierung => market capitalisation
sewing => sewing
sicherer => securer
okt => okt
houston => houston
josef => joseph
analogie => analog
ackermann => ackermann
investment => investment
teuer => dear
sinken => sink; sunk
retailgeschäft => retailgeschäft
paul => paul
agenturen => agencies
nervös => nervous
achleitner => achleitner
fünfzehn => fifteen
banking => banking
retter => redeemer
private => private
diskret => discreet; discrete; discreetly
blasenpflaster => bubble plaster
interessiert => interested
stalker => stalker
schmieriger => smearier; smudgier
abblockte => blocked
shampooflaschen => shampoo bottles