du => du
leur => her
sans => sans
secteur => sector
trésor => treasure
nombre => number
financière => financier
quotidienne => quotidian
groupe => group
usc => usc
intéresse => interested
spacex => spacex
confidentielles => confidential
organisation => organization
lance => lance
etats => states
correctement => correctly
impact => impact
dollars => dollars
un => an
accumule => accumulated
idée => idea
analytica => analytica
littéralement => literally
rgpd => rgpd
administration => administration
européen => European
il => it
pour => for
for => force
brian => brian
manipulation => manipulation
torrents => torrents
gouvernements => governments
musk => musk
note => note
c => c
prospère => prosperous
analyste => analyst
est => east
street => street
san => san
whatsapp => whatsapp
mai => may
affaires => affairs
compliquer => complicate
ses => hers
york => york
dépend => depends
mouvement => movement
argent => argent
expiatoire => expiatory
professeur => professor
cofondateur => cofounder
supprimer => suppress
géant => giant
plus => plus
sociaux => social
rejoignant => joining
ne => no
unis => united
car => car
commencer => commence
membre => member
fondée => founded
pub => pub
sciences => science
vie => life
dénoncer => denounce
par => per
explique => explain
congrès => congress
problématique => problematic
tech => tech
représentent => represent
finalement => finally
milliards => billion
réservation => reservation
galloway => galloway cattle
zuckerberg => zuckerberg
autonome => autonomous
expliquer => explain
humane => humane
fait => fact
sur => sour
n => n
deletefacebook => deletefacebook
transparence => transparency
partie => part
journal => journal
acton => acton
spécialiste => specialist
notamment => notably
application => application
pas => pace
vulnérable => vulnerable
l => l
investisseur => investor
une => one
système => system
californie => california
bourse => purse
entier => integer
dérives => drifts
relève => relief
la => la
groupes => groups
mcnamee => mcnamee
google => google
usage => use
mark => mark
via => via
su => su
règlement => settlement
extérieur => exterior
en => in
millions => billion
semaine => seminar
autre => another
viabilité => viability
son => sound
esclave => slave
privée => private
mises => inserts
totalement => totally
ex => ex
tesla => tesla
pilori => pillory
north => north
formes => forms
thiel => thiel
social => social
peter => peter
amazon => amazon
quitter => quit
conseil => counsel
entrer => enter
économique => economic
karen => Karen
university => university
effacer => erase
estimée => estimate
internet => Internet
aux => aux
régulation => regulation
ou => or
messagerie => messaging
moins => minus
facebook => facebook
firme => firm
signal => signal
twitter => tweet
syracuse => syracuse
batailler => battle
généralise => generalizes
wall => wall
pages => pages
absolument => absolutely
ligne => line
entreprises => enterprises
protection => protection
auto => auto
estiment => estimate
center => center
victime => victim
polémique => polemic
roger => roger
plate => flat
vigueur => vigour
célèbre => celebrated
valley => valley
enderle => enderle
point => point
université => university
reste => rest
patron => pattern
des => des-
inverse => inverse
critiqué => critic
fortune => fortune
tourmente => tumult
deux => deuce
cambridge => cambridge
pression => pressure
technologique => technological
s => s
montagne => mountain
indispensables => indispensable
commerce => commerce
d => d
raison => reason
numérique => numerical
au => at
fini => finite
silicon => silicon
même => same
protéger => protect
le => he
technology => technology
promis => promised
new => new
modèle => model
technologie => technology
e => e
si => so
grygiel => grygiel
technologiques => technological
promesses => promises
jennifer => jennifer
changements => change
britannique => britannic
uber => uber
publicité => publicity
apple => apple
vague => vague
t => t
appelant => appellant
francisco => francisco
a => a
entre => interim
autour => about
soit => so be it
europe => Europe
question => question
personnelles => personal
capitalisation => capitalisation
livres => ex libris
colorado => Colorado
mentaux => mentally
an => an
progrès => progress
courage => courage
floride => florid
emma => emma
correspondant => corresponding
mères => mothers
légal => legal
brandit => brandishes
papa => pa
carton => cardboard
chez => chez
voix => voice
stoneman => stoneman
panneau => panel
contre => counter
john => john
progressifs => progressive
amendement => amendment
alexandria => alexandria
primaire => primary
pouvoir => power
direct => direct
pancarte => placard
tribune => tribune
applaudissons => applaud
dépassé => passed
gonzales => gonzales
marche => march
face => face
hiver => winter
pancartes => placards
bump => bump
midi => midday
peuple => people
accessoires => accessories
lobby => lobby
capitale => capital
personnes => people
armé => armed
orgue => organ
six => six
fondateurs => founders
étudiants => students
cas => case
nombreux => numerous
débat => debate
exclame => exclaims
universelles => universal
droit => direct
je => me
communiqué => communiqué
calculé => calculated
organisée => organized
cité => city
interdire => interdict
johnnie => johnnie
différents => different
wilson => wilson
arme => arm
actif => active
volontaires => voluntary
wadler => wadler
bout => bit
décrété => decreed
adolescent => adolescent
cours => course
capitole => capitol
permettre => permit
conclut => concludes
show => show
flot => flood
passer => pass
violence => violence
beau => beautiful
content => content
dizaine => dozen
départ => departure
mot => mot
renforcés => reinforced
différence => difference
massacres => massacres
appel => appeal
mi => mi
lire => lira
pendant => pendant
renforcé => reinforced
mon => mine
points => points
grâce => grace
marjorie => marjorie
ouvertement => overtly
consciente => conscious
affiche => notice
ci => ci
engagement => engagement
quand => equally
crâne => cranium
diffusé => diffused
mars => Mar
épaules => shoulders
déserté => deserted
internationale => internationale
sécurité => security
jersey => jersey
considère => considered
accès => access
armée => army
département => department
moore => Moore
merci => mercy
leader => leader
blocage => block
américaine => American
extasie => ecstasy
moyenne => mean
ultraprofessionnelle => ultraprofessionnelle
columbine => columbine
proclame => proclaims
doute => doubt
pressé => pressed
assaut => assault
vivre => live
trois => trinity
listes => lists
novembre => November
pencinenga => pencinenga
humain => human
prise => drive
shooter => shoot up
électoral => electoral
notre => Notre
on => one
post => post
remplace => replaces
arrivent => arrive
discours => discourse
active => active
force => force
mentales => mental
officielle => official
timide => timid
école => college
électeurs => electors
victimes => victims
juste => just
sept => seventh
grand => grand
lindsay => lindsay
david => david
armes => arms
favorable => favourable
villégiature => villegiature
walters => walters
participer => participate
stocks => stocks
parcours => course
majeure => major
étudiante => student
systématiquement => systematically
servent => serve
reportage => reportage
fixe => fixed
installé => install
continuent => continue
elle => el
politique => politics
pennsylvania => pennsylvania
imagination => imagination
contrôles => controls
compacte => compact
lago => lago
rassemblement => assembly
attendant => attendant
hôtel => hotel
y => y
mar => mar
gonzalez => gonzalez
arriver => arrive
olson => olson
pop => pop
référence => reference
simplement => simply
anna => anna
podium => podium
nra => nra
jannie => jannie
libre => liberal
exercice => exercise
consacrant => consecrating
sa => Sa
hogg => hogg
virginie => virginia
croisade => crusade
leaders => leaders
déclaration => declaration
travers => travers
douglas => douglas fir
confrontés => confronted
illégales => illegal
détente => detente
avenue => avenue
légales => legal
âges => ages
stars => stars
siège => siege
principale => principal
afp => afp
liberté => liberty
kasky => kasky
échos => echo
expression => expression
conformément => agreement
emmett => emmett
columbia => Columbia
personnellement => personally
âge => age
historique => historic
kilomètre => kilometre
rue => rue
manifestation => demonstration
promulguée => promulgated
minutes => minutes
largement => largely
écrit => script
théâtre => theatre
silence => silence
soi => Soi
marcheurs => walkers
logo => logo
croisement => crossing
écoles => schools
plupart => part
sommes => monies
ma => my
télévisions => televisions
aujourd => aujourd
majeur => major
père => sire
annoncé => announced
automatiques => automatic
faveur => favor
cameron => cameron
vente => vend
washington => washington
neveragain => neveragain
drills => drills
manalapan => manalapan
voter => vote
nous => us
hui => Hui
donald => donald
ai => ai
génération => generation
international => international
porte => portal
eu => eu
leurs => theirs
gens => men
pratiqués => practice
trump => trump
priorité => priority
vietnam => vietnam
mandat => mandate
achat => package
déclare => declared
lafayette => lafayette
interdiction => prohibition
adjointe => adjunct
changement => change
législatives => legislative
début => debut
comptent => count
j => j
chose => case
transforment => transform
installées => installed
emblématique => emblematic
rues => streets
naomie => naomie
parole => promise
vies => lives
révolution => revolution
objectif => objective
heure => hour
fédérale => federal
enregistrer => register
vous => you
brosowsky => brosowsky
écran => screen
adjacentes => adjacent
apogée => apogee
avorté => aborted
lycée => lyceum
contrôle => control
parkland => parkland
raisonne => reasons
grosse => gross
justice => justice
micro => microphone
président => president
long => long
appliquer => apply
exercent => exercising
dictrict => dictrict
noms => names
mesures => measure
vidéos => videos
priviète => priviète
suivre => succeed
tard => tardy
sauf => safe
voyage => voyage
paris => paris
grande => grand
parents => parents
poutine => poutine
avancés => advances
non => no
font => font
moscou => moscow
raconte => recounts
yé => yé
russes => russian
as => hast
exemple => example
maître => master
h => h
existe => exist
classes => class
filipovskaïa => filipovskaïa
difficile => difficult
mes => me
différences => debit discrepancies
te => thee
m => m
langue => tongue
feuille => foil
activités => activities
nina => nina
expérience => experience
camarades => comrades
cp => cp
moment => moment
jeux => jest
maman => mammy
ensemble => ensemble
anglais => English
équations => equations
heures => hours
occasion => occasion
es => Es
comprendre => comprehend
ton => tone
maths => math
intégrer => integrate
fa => fa
cause => cause
arrivais => arrived
vladimir => vladimir
matière => matter
entrée => entrance
cour => court
russe => Russian
classe => class
sou => sou
matières => materials
changent => change
collège => college
tu => thou
football => football
souvent => often
partout => about
découvrir => discover
gestes => gestures
paire => pair
france => france
maîtresse => mistress
famille => family
seule => sole
ciseaux => chisel
trop => too
enseigne => sign
musique => music
russie => russia
allée => alley
encore => more
fin => fine
clair => clear
championnat => championship
possible => possible
rester => rest
moindre => minor
hatem => hatem
stipule => stipule
minimum => minimum
interrogé => interviewee
sport => sport
vendre => vend
effectif => effective
envie => envy
alignerait => align
fleur => flower
finale => final
psg => psg
sg => sg
arfa => arfa
offensif => offensive
coach => coach
immense => immense
ben => ben
scan => scan
ligue => league
unai => unai
considéré => considerate
minute => minute
change => change
majorité => majority
euros => euros
caen => caen
récompense => recompense
presse => press
or => or
conflit => conflict
possibilité => possibility
seconde => second
choisis => choose
prime => premium
sacré => sacred
club => club
coupe => cup
direction => direction
indésirable => undesirable
officiellement => officially
disputé => dispute
emery => emery
professionnel => professional
particulière => peculiar
conférence => conference
lfp => lfp
demi => semi
saison => season
décidé => decided
champion => champion
contrairement => contrarily
risque => risk
titre => title
diego => diego
goban => goban
mois => moon
mexique => mexico
télévision => television
coréens => Korean
luciano => luciano
avril => April
étudier => study
chinoise => Chinese
occupe => occupied
coréen => Korean
octobre => October
culture => culture
interne => internal
skype => skype
origine => origin
encercler => encircle
réfléchir => reflect
plateau => plateau
venus => Venus
appelé => appellee
footballeur => footballer
confondus => confused
tutrice => tutor
communication => communication
cortès => cortes
vit => vit
joue => jowl
facile => facile
arrivée => arrival
partager => part
bas => base
séoul => seoul
passe => pass
entraîner => train
échanger => exchange
kiba => kiba
go => go
tennis => tennis
progressé => progress
tête => pate
maternelle => maternal
académie => academy
tactiques => tactics
repose => rests
fondre => dwindle
contacte => contact
me => me
rapidement => rapidly
mascotte => mascot
adultes => adults
autant => as many
aide => aid
greuil => greuil
fatigue => fatigue
sophie => sophie
découvert => uncovered
intégré => integrated
rédac => rédac
mexicain => Mexican
territoires => territories
écrire => write
regarder => regard
armando => armando
permis => permission
passion => passion
enfant => infant
suite => suite
récréation => recreation
correspondance => correspondence
matin => morning
communiquer => communicate
planète => planet
publiés => published
réponses => responses
questions => questions
p => p
messages => messaging
impossible => impossible
fabrice => fabrice
vidéo => video
avance => advance
applications => applications
mattatia => mattatia
habitants => inhabitants
snapchat => snapchat
habitant => inhabitant
tits => tits
interviewé => interviewee
importe => imported
contenus => content
contrôler => control
junior => junior
publier => publish
règles => rules
rupert => rupert
unit => unites
émotions => human emotions
shopalike => shopalike
ni => Ni
pari => Pari
magiques => magic
invisibilité => invisibility
premier => prime
rowling => rowling
aventures => adventures
lord => lord
harry => harry
balle => ball
privant => depriving
offre => offer
radcliffe => radcliffe
solide => solid
créatures => creatures
magie => magic
positives => positive
tomes => volumes
anniversaire => anniversary
matérialise => materializes
cancre => dunce
intrigue => intrigue
première => premiere
artefact => artifact
weasley => weasley
hermione => hermione
espionner => spyon
maladroit => maladroit
stéréotype => stereotype
date => date
fantastiques => fantastic
daniel => daniel
totem => totem
victoire => victory
k => k
sorcellerie => sorcery
amitié => amity
auteur => author
horcruxe => horcrux
découvre => discovers
immortalité => immortality
animal => animal
texte => text
retour => return
watson => watson
reliques => relics
site => site
tome => tome
ron => Ron
librairie => library
succès => success
uniformes => uniforms
pratique => practice
grint => grint
quidditch => Quidditch
dumbledore => dumbledore
impunité => impunity
art => art
cricket => cricket
lancer => launch
patronum => patronum
terrible => terrible
scolaire => scholastic
fantastique => fantastic
gallimard => gallimard
expecto => expecto
introduisent => introduce
cape => cape
apparitions => appearances
prisonnier => prisoner
compte => count
livre => lira
personnages => person
score => score
traits => trace
potter => putter
noire => negress
destin => destiny
objet => object
sortie => sortie
granger => granger
azkaban => azkaban
saga => saga
attraper => trap
univers => universe
utilisé => utilized
torturent => torture
héros => hero
cumule => cumulates
existence => existence
infographies => infographics
cités => cited
magique => magic
singuliers => singular
nouvelle => novella
enchanteur => enchanter
ensorceleur => sorceress
orphelin => orphan
durant => during
sorcier => sorcerer
albus => albus
cigarettes => cigarettes
cigarette => cigarette
consommation => consumption
chance => chance
augmenté => augmented
toxique => toxic
sociale => social
personne => person
dose => dose
prix => price
janvier => january
espace => space
tabac => tobacco
réduire => reduce
moitié => portion
dépendant => dependent
neutres => neutral
million => million
hausse => raise
concernés => concerned
avertissement => admonishment
façon => fashion
nicotine => nicotine
contenue => contained
dangereuse => dangerous
neutre => neutral
fumer => fume
paquet => packet
chimiques => chemicals
inciter => incite
claire => clear
habitude => habit
morand => morand
couleur => color
absorber => absorb
contient => contains
atteindre => attain
consomment => consume
place => place
médicament => medicine
encourage => encourages
cher => cherished
arrêter => arrest
patchs => patches
ministre => minister
petite => petite
choc => shock
paquets => packets
chimique => chemical
substance => substance
secondes => seconds
fumée => fume
quel => cual
coûte => cost
euro => euro
demandé => in demand
politesse => politeness
julien => Julian
audition => audition
comportement => comportment
industrie => industry
professionnelle => professional
issue => issue
agressivité => aggressiveness
indique => indicated
collègue => colleague
cousineau => cousineau
rey => rey
restaurant => restaurant
respect => respect
devyn => devyn
plainte => complaint
plaidé => pleaded
employé => employee
vancouver => vancouver
grossier => gross
qualités => quality range
expressif => expressive
colombie => colombia
honnête => honest
normes => norms
canadien => Canadian
préjuger => prejudge
affaire => affair
publiée => published
rejetée => rejected
perception => perception
attitude => attitude
effet => effect
entreprise => enterprise
impoli => impolite
client => client
licencié => licensee
mentionne => mentionned
lors => for
interpréter => interpret
talents => talents
contrevenu => contravened
tribunal => tribunal
acceptable => acceptable
retrouver => retrieve
audience => audience
déterminer => determine
milieu => milieu
fondateur => founder
collègues => colleagues
professionnelles => professional
discrimination => discrimination
violation => violation
rejeter => reject
qualité => quality
pacifique => peaceful
culturelle => cultural
repris => reprinted
fuck => fuck
performance => performance
standards => standards
intégration => integration
due => due
verbalement => verbally
révision => revision
restauration => restoration
répétitif => repetitive
tendance => tendency
environnement => environment
envers => reverse
document => document
employeur => employer
organisme => organism
estime => esteem
serveur => server
reproche => reproach
hôtelière => hotelier
conduite => conduct
montrer => demonstrate
canada => canada
agressif => aggressive
vulgaire => vulgar
sorte => sort
francophones => french
restaurateur => restaurateur
irrespectueux => disrespectful
appréciation => appreciation
directe => direct
documents => documents
canadienne => Canadian
bc => bc
travail => toil
code => code
dispute => dispute
directs => direct
héritage => inheritance
radio => radio
décision => decision
servir => serve
refusé => refused
mainguy => mainguy
richesse => richness
commissariat => commissariat
démocratisé => democratized
quatre => quartet
considérées => considered
abusivement => abusively
égard => regard
population => population
pendjab => punjab
organisé => organized
circonstances => circumstances
arrestation => arrest
constitution => constitution
caste => caste
chapelet => chaplet
suprême => supreme
blocages => blockages
société => society
kumar => kumar
attaques => attacks
uttar => uttar
importantes => important
automatique => automatic
centre => center
indiens => indian
dalits => Dalits
réaction => reaction
jets => jets
intouchables => untouchables
shukla => shukla
propriétaire => proprietor
fermier => farmer
passant => passer-by
annulé => annulled
émeutiers => rioters
général => general
rishi => rishi
responsable => responsible
ouest => west
castes => castes
autorités => authorities
symbole => symbol
police => police
milliard => billion
socialement => socially
nord => north
paralysée => paralyzed
concernant => concerning
locales => locale
théorie => theory
axes => axes
district => district
dalit => Dalit
bihar => bihar
ordre => order
rajasthan => rajasthan
meerut => meerut
discriminations => discrimination
organisations => organizations
bus => bus
delhi => delhi
etat => state
battu => beaten
forces => force
publics => public
inde => india
suspects => suspects
gujarat => gujarat
membres => member
madhya => madhya
favoriser => favor
bombay => bombay cat
située => situated
médias => media
tribus => tribes
réalité => reality
pradesh => pradesh
opèrent => operate
odeur => odour
asphyxie => asphyxia
rendue => rendered
confirmant => confirmor
interroger => interrogate
informations => information
documentation => documentation
tourner => turn
accéder => access
confirmer => confirm
khan => khan
observés => observed
sources => source code
munitions => ammunition
répandu => expanded
enclave => enclave
nouveau => novel
définitive => definitive
gorge => gorge
précipité => precipitate
traces => trail
degré => degree
acceptent => accept
région => region
régime => regime
précise => precise
cinq => cinque
confirment => confirm
ennemis => enemies
plan => plan
indice => index
défense => defense
échantillons => scantlings
doumayr => doumayr
photographies => photographs
intense => intense
observateurs => spectators
symptômes => symptoms
jaych => jaysh
conditions => conditions
nuit => nite
présent => present
trente => Trento
stratégiquement => strategically
dément => demented
civiles => civil
caps => caps
déluge => deluge
syriennes => syrian
globale => global
intérieur => interior
cyanoses => cyanosis
opposants => opponents
panique => panic
restés => remains
rapportent => report
urbain => urban
affirmant => affirmant
responsabilité => responsibility
network => network
mille => mile
frappé => frappé
appareils => apparatus
identifiés => identified
human => human
zerrouky => zerrouky
sites => websites
forte => forte
incitant => incentive
bellingcat => bellingcat
déterminent => determine
inscrit => inscribed
engager => engage
bases => basics
missile => missile
ong => ong
terme => term
franco => Franco
sana => sana
caractéristique => characteristic
cheikhoun => cheikhoun
recours => recourse
publiques => public
incriminerait => incriminate
radar => radar
confiance => confidence
inutile => ineffective
damas => damask
vivres => edibles
refusent => refuse
contrôlent => control
constitué => constituted
syrien => Syrian
capitulation => capitulation
réduction => reduction
total => total
guidés => guided
alliée => ally
fabriqués => fabricated
évoluer => evolve
accusateurs => accusers
répétition => repetition
soumise => submitted
filmées => filmed
récente => recent
salafistes => salafists
contexte => context
activité => activity
associé => associate
corps => corpse
combat => combat
islam => Islam
raid => raid
riposté => retort
négociations => negotiations
américano => americans
punir => punish
toit => top
rapport => report
images => imagery
nom => name
emploi => employment
létal => lethal
environs => environs
inspecter => inspect
double => double
attaque => attack
confirmée => confirmee
madjid => madjid
civils => civilians
recherche => search
équipements => equipment
présence => presence
examen => examination
suffocation => suffocation
réel => real
analyse => analysis
respirer => respire
affirme => Affirmative
assad => assad
examiné => examined
civile => civilian
neuf => new
train => train
scrutent => scrutinize
allégations => allegations
scientifique => scientist
légitimer => legitimize
chiffre => figure
in => in
scénario => scenario
chercheur => researcher
finir => finish
syrian => syrian
quarantaine => quarantine
collectif => collective
résistance => resistance
précipités => precipitated
stratégie => strategy
al => al
gouvernementaux => governmental
sol => soil
publié => published
cornée => cornea
préparer => prepare
opposés => opposite
scène => scene
smart => smart
faisceau => fasces
laboratoires => laboratories
jazira => jazeera
démontrer => demonstrate
investigation => investigation
préciser => make precise
composé => compound
bombardement => bombardment
public => public
propre => proper
échanges => exchanges
présentes => presents
réfugiés => refugees
relative => relative
certain => certain
inspecteurs => inspectors
déloger => dislodge
militaire => military
corroborent => corroborates
conclure => conclude
stratégique => strategic
affirment => affirm
syria => syria
opposition => opposition
attesté => attested
évacuer => evacuate
spécifiquement => specifically
cadre => cadre
établi => established
suffocants => suffocating
obtenus => obtained
douma => duma
agent => agent
tactiquement => tactically
barils => barrels
chaos => chaos
observations => representations
mécanique => mechanics
suédois => swedish
provoquer => provoke
édifice => edifice
armées => armed
organophosphorés => organophosphorus
chlore => chlorine
kilomètres => kilometers
difficultés => difficult voyage
rebelle => rebel
correspondants => correspondents
cbs => cbs
parallèle => parallel
chronologie => chronology
agence => agency
américain => American
survivant => survivor
cylindres => cylinder
avantageuses => advantageous
nasales => nasal
localement => locally
visible => visible
décrivant => describing
action => action
installations => installation
hélicoptères => helicopters
gaz => gas
techniques => mechanics
accusant => accusant
sentiment => sentiment
problèmes => trouble
annonce => announcement
accusation => accusation
plausible => plausible
armés => armed
type => type
sentry => sentry
nationale => national
acide => acid
hypersécrétions => hypersecretion
posteriori => posteriori
favorables => favorable
géolocalisation => geolocation
filmé => filmed
représailles => reprisal
récurrente => recurrent
syrienne => Syrian
sin => sin
journaliste => journalist
évaluation => evaluation
rights => rights
lepick => lepick
compréhension => comprehension
soirée => soiree
stade => stadium
ultime => ultimate
gouvernementale => government
respiratoires => respiratory
agents => agents
évacuation => evacuation
fabrication => fabrication
produit => product
olivier => olive tree
impliqué => implicate
utilisation => utilisation
déclassifiées => declassified
déploie => deploys
sens => sense
accalmie => calm
appareil => apparatus
base => base
raids => raiding
mentionnent => mention
bachar => bachar
shuhada => shuhada
populations => populations
rempli => replete
salafiste => Salafist
nature => nature
pu => Pu
analysés => analyzes
terreur => terror
orales => oral
postées => posted
news => news
offensive => offensive
vue => view
alerte => alert
gouvernementales => government
syrie => syria
fondation => foundation
gouvernement => government
avancé => advanced
exposition => exposure
services => services
situation => situation
rendu => rendering
absence => absence
accusé => accused
tactique => tactics
létales => lethal
analyses => analyzes
sarin => sarin
violations => violations
aéroport => airport
ghouta => ghouta
seine => seine
déclaré => declared
stahly => stahly
œuvres => oeuvre
culturelles => cultural
hall => hall
expositions => expositions
publique => public
classement => classification
studio => studio
inaugurée => inaugurated
reconnaît => recognize
projet => project
choix => choice
jean => jeans
programme => program
concerts => concerts
classés => classified
imaginé => imagined
continuité => continuity
rassemblé => assembled
nouvel => novel
arabe => Arabic
norme => norm
estimé => esteemed
ile => isle
strasbourg => strasbourg
émissions => emissions
henry => henry
bureau => bureau
présidence => presidency
acoustique => acoustics
conception => conception
forme => form
institut => institute
galerie => gallery
singularité => singularity
coût => cost
phase => phase
décor => decor
salons => salons
architecture => architecture
ambitieux => ambitious
palais => palace
façades => facades
françois => françois
concerne => concerned
protégés => protected
bord => border
mètres => meters
immeubles => immovables
importants => important
audiovisuel => audiovisual
cabinet => cabinet
ouverture => aperture
adaptation => adaptation
sculpteur => sculptor
final => final
gaulle => gaulle
situé => situated
énormes => enormous
camembert => camembert
ministère => ministry
ronde => round
fameux => famous
inscription => inscription
parlement => parliament
veil => veil
rénover => renovate
historiques => historic
architecte => architect
sibyle => sibyle
bar => bar
bernard => Bernard
dimensions => dimension
avancées => advances
commission => commission
consultation => consultation
exprimé => expressed
achever => achieve
pointillé => pointillé
circulation => circulation
sera => Sera
directeur => director
réunion => reunion
transports => transport network
référendum => referendum
perturbé => disturbed
eurostar => eurostar
flamme => flame
rencontre => encounter
trajectoire => trajectory
principes => principes
cartes => cards
circuler => circulate
circuleront => circulate
sénat => senate
décliné => declinate
champs => crops
sujets => subject
pacte => pact
mobilisés => mobilized
présidente => president
important => important
reconquérir => conquer
sncf => sncf
elisabeth => elisabeth
dur => dour
unsa => unsa
intercités => intercity
valérie => valerie
élisabeth => elizabeth
votés => voted
précis => precise
sébastien => sebastian
b => b
rail => rail
réaffirmé => reaffirmed
cfdt => cfdt
trains => trains
vicherat => vicherat
pécresse => pécresse
séquence => sequence
alternatifs => alternative
rer => rer
aura => aura
publiées => published
discussion => discussion
commerciale => commercial shape
thalys => thalys
échange => exchange
tgv => tgv
assemblée => assembly
transilien => transilien
adjoint => adjunct
destinations => tourist destination
invitation => invitation
mariani => mariani
perturbations => disruptions
normal => normal
compléter => complete
ter => ter
conducteurs => conductors
négociation => negotiation
jugeant => judging
mathias => Bob Mathias
borne => bound
tarifaires => tariff
réforme => reform
reconquête => reconquest
inflexible => inflexible
majeurs => major
prématuré => premature
sursaut => start
raviver => revive
cgt => cgt
quasi => quasi
grève => greave
émission => emission
mobilisation => mobilization
remboursements => repayments
secrétaire => secretary
billets => tickets
qualifier => qualify
trafic => traffic
transport => transport
abonnement => abonnement
île => isle
maintiendra => maintain
élémentaires => elementary
résultat => result
loukachenko => lukashenko
maduro => maduro
dette => debt
latino => Latino
intérieures => interior
vainqueur => winner
candidats => candidates
caracas => caracas
mike => mike
chine => china
dénoncé => denounced
vénézuéliens => venezuelan
brut => brut
réélection => reelection
continue => continuous
démocratie => democracy
centrale => central
applaudi => applauded
embargo => embargo
équitable => equitable
reconnaissait => recognized
européenne => European
politiquement => politically
rapides => rapid
numéro => number
abaissé => abaissé
appropriées => appropriate
croisés => crossed
vote => vote
boycott => boycott
gérer => govern
courageux => courageous
participant => participant
uniennes => uniennes
farce => farce
union => union
européens => european
relations => reunion
nations => nations
brésil => brazil
venezuela => venezuela
totalité => totality
adressé => address
instar => instar
félicité => felicity
menacé => menaced
décret => decree
signé => signed
capacité => capacity
élection => election
continuer => continue
tiers => third person
citoyens => citizens
qualifiée => qualifier
légitimité => legitimacy
processus => process
resterait => remain
misère => misery
résolution => resolution
part => part
rétablissement => reinstatement
position => position
cabello => cabello
populaire => popular
salvador => el salvador
principal => principal
vice => vice
précédent => precedent
respecté => respected
série => series
pékin => Pekin
condamnations => convictions
iniques => iniquitous
diosdado => diosdado
respecter => respect
espagne => spain
économiques => economic
vénézuélien => Venezuelan
pompeo => pompeo
autoritaire => authoritarian
interfax => interfax
concurrent => contestant
expressément => expressly
pence => penny
planer => plane
certains => certain
élections => election
nouvelles => announceables
liste => list
félicitations => congratulations
pétrolier => petroleum
alléger => allay
bras => branch
sanctions => arsenal of sanctions
proclamé => proclaimed
mariano => mariano
menace => menace
caractère => character
soixante => sixty
cuba => cuba
kremlin => kremlin
fut => Bafut
rajoy => rajoy
latine => Latin
large => large
biélorusse => Belorussian
contestent => contest
dirigeant => directing
diplomatiques => diplomatic
alexandre => alexander
transaction => transaction
dangereux => dangerous
kang => kang
présidentielle => presidential
chtchetinine => chtchetinine
lima => lima
souffrances => suffering
démocratiques => democratic
propres => pure
nicolas => nicolas
lu => lu
saulignac => saulignac
judiciariser => judicialize
levée => levee
définition => definition
étudiés => studied
précédant => preceding
fondées => founded
hervé => hervé
etc => etc.
viral => viral
espérer => desire
apparences => appearance
déstabilisation => destabilization
qualifiées => qualified
organique => organic
fausse => false
législatif => legislative
juillet => july
confusion => confusion
pavé => paved
amendements => amendments
grip => grip
diffusion => diffusion
votée => voted
allégation => allegation
juin => june
décrète => decreed
fausses => false
intervenir => intervene
enfer => inferno
information => information
contretemps => contretemps
cesser => cease
rapporteuse => rapporteur
socialiste => socialist
mélenchon => mélenchon
républicains => republicans
république => republic
convoquant => convoking
parti => party
accusée => accused
naïma => naïma
platon => plato
édito => editorial
juge => judge
ingérence => interference
navette => navette
chef => chief
file => file
macron => macron
annoncés => announced
séance => séance
adoption => adoption
candidat => candidate
arsenal => arsenal
communiste => communist
luc => luc
ordinaire => ordinary
plateformes => platforms
rémunération => remuneration
virale => viral
emmanuel => emmanuel
gauche => gauche
atteinte => attainment
françoise => francoise
elsa => elsa
intentions => intention
constance => constancy
nyssen => nyssen
insoumise => insoumise
socrate => socrates
satisfaisante => satisfactory
fake => fake
imputation => imputation
vérité => veracity
moutchou => moutchou
instant => instant
aude => aude
carcassonne => carcassonne
crs => crs
supermarché => supermarket
ouvert => pert
coups => rounds
enquête => inquiry
trèbes => trèbes
super => super
u => u
transporté => transported
individu => individual
rentrait => returning
interdit => interdict
préfecture => prefecture
hôpital => hospital
source => source
otage => hostage
faciliter => facilitate
footing => jogging
reçu => revenue
vers => verse
technophiles => techies
malveillant => malevolent
sujet => subject
ultra => ultra
restent => remain
associe => associates
satellites => satellites
amiral => admiral
asymétrique => asymmetric
nucléaires => nuclear
défend => defends
article => article
efficacement => effectively
systèmes => systems
compétences => competencies
cybersécurité => cybersecurity
déstabilisatrices => destabilizing
perturber => disturb
hyten => hyten
notait => noted
séminaire => seminar
afghanistan => afghanistan
nsa => Nsa
notpetya => notpetya
rogers => rogers
suspendu => suspended
curtis => curtis
opère => operates
légale => legal
paralysé => paralysed
secours => succor
sergueï => sergei
heather => heather
problème => problem
alliance => alliance
moyens => means
dominants => dominant
dirige => directed
pentagone => pentagon
commandant => commander
expérimentent => experimenting
ire => ire
spécifiques => specific
renchéri => renchéri
genre => gender
sensibles => sensitive
pose => pose
attribue => attributes
heurte => hurt
prépare => prepare
adversaire => adversary
hyperconnectée => hyperconnectée
militaires => military
déstabiliser => destabilize
désactivant => deactivator
propagande => propaganda
irak => iraq
michael => michael
us => us
ambiguë => ambiguous
édition => edition
cyberattaques => cyberattacks
combattre => combat
paralyser => paralyze
cyberespace => cyberspace
renseignement => announcement
agression => aggression
rendre => return
performants => performing
hackage => hacking
assure => assures
réponse => response
disputer => dispute
atlantique => Atlantic
fonctionnement => functioning
limite => limit
chargé => charge
scaparrotti => scaparrotti
eau => eau
ingérences => interference
skripal => skripal
manuel => manual
occident => occident
soldats => soldiers
répliquer => replicate
commandement => command
allié => ally
local => local
résistants => resistant
tenter => test
air => air
infrastructures => infrastructure
indiqué => indicated
sensible => sensitive
limites => limit
implication => implication
national => national
gazette => gazette
stratcom => stratcom
patronne => patron
gps => gps
autorité => authority
salisbury => salisbury
budget => budget
ioulia => ioulia
signe => sign
innervant => innervating
distribution => distribution
mission => mission
domine => dominated
prouver => prove
similaires => similar
supériorité => superiority
traité => treaty
phobie => phobia
phénomène => phenomenon
citées => cited
révèle => reveals
possibilités => capability
diplômé => diploma
admettent => admit
maladie => malady
made => made
canard => canard
rentre => returns
procrastinateurs => procrastinators
lutte => battle
éditions => editions
rapporte => reports
naturellement => naturally
conscients => conscious
minima => minimum
pénaliser => penalize
smartphone => smartphone
assister => assist
imaginaire => imaginary
particulièrement => particularly
ménage => menage
rolland => rolland
appellation => designation
revenus => revenue
administrative => administrative
eyrolles => eyrolles
dispositions => provisions
paradoxal => paradoxical
jechange => i change
payé => paid
info => info
activement => actively
étude => study
étonnant => stunning
thomas => thomas
efficace => effective
technologies => technology
malice => malice
philosophe => philosopher
urgence => emergency
atteint => attained
duval => duval
courses => groceries
gaël => gael
réelle => real
notons => note
contraire => contrary
procrastinateur => procrastinator
ballonad => ballonad
ancien => ancient
procrastiner => procrastinate
mets => meal
diane => diana
événement => event
adminstrative => adminstrative
fréquemment => frequently
remettre => remit
occupations => occupations
star => star
procrastination => procrastination
bricolage => bricolage
tarder => tarry
aggravé => aggravated
pénalités => penalties
déclarent => declare
citation => quotation
vacances => vacation
record => record
opinionway => opinionway
payer => pay
tripoter => tamper
état => state
disait => said
ier => ier
multiplient => multiply
phrase => phrase
excuses => excuse me
cuisine => cuisine
rangement => arrangement
stress => stress
digitaux => digital
influence => influence
méditer => meditate
cesse => cease
payait => pay
sportives => sports
brièveté => brevity
filles => girls
prononcent => pronounce
retard => arrears
thévenoud => thévenoud
cantine => canteen
marque => mark
dépasser => pass
coûter => cost
champions => champions
procrastinent => procrastinate
administratives => administrative
espèces => specie
toxiques => toxic
utiliser => utilize
aliments => alimony
conte => count
produisaient => produced
pousser => push
tonnes => tonnes
insecticides => insecticides
néonicotinoïdes => neonicotinoids
gizard => gizard
disparition => departure
insectes => insect
dakota => Dakota
pesticides => pesticides
disparu => disappeared
yves => yves
produits => produce
chinois => Chinese
septembre => September
installée => installed
creil => creil
antoine => antoine
havez => havez
salle => hall
collèges => colleges
organisés => organized
gabriel => gabriel
krempf => krempf
anglaise => English
poser => pose
inventées => invented
repérer => register
placé => placed
meurtre => murder
découverts => discovered
domicile => domicile
antisémite => anti-Semite
flagrance => flagrancy
spcj => spcj
policiers => police
couteau => cutter
confession => confession
conduit => duct
dpj => dpj
femme => female
exactes => exact
lumière => lumen
appartement => apartment
orienter => orient
xie => xie
connaître => cognize
suspect => suspect
organe => organ
consistoire => consistory
constatations => investigation
octogénaire => octogenarian
riverain => riparian
antisémitisme => antisemitism
garde => guard
parisien => Parisian
découverte => discovery
arrondissement => arrondissement
criminelle => criminal
officiel => official
vigilance => vigilance
judiciaire => judicial
parquet => parquet
crif => crif
fsju => fsju
piste => piste
bnvca => bnvca
mobile => mobile
communauté => community
institutions => institutional system
relâche => release
hypothèse => hypothesis
service => service
nourrir => nourish
vaste => vast
éducatifs => educational
évoquer => evoke
odile => odile
existentiel => existential
intérêt => interest
faute => fault
mutualisent => mutualise
impulser => impulse
profession => profession
déséquilibre => disequilibrium
hygiéniste => hygienist
plaisir => pleasure
spécialités => specialties
pleux => pleux
discipline => discipline
complexe => complex
déclic => click
coaching => coaching
mode => mode
oger => oger
préjudiciable => prejudicial
thésis => thesis
gloubi => gloubi
forment => form
beaux => beautiful
normative => normative
psychologue => psychologist
look => look
divorcent => divorce
semblable => similar
foot => football
fondamentale => fundamental
out => out
match => match
directivité => directivity
éd => ed
phile => phile
relever => relieve
image => image
stratégies => strategies
arbitrage => arbitration
analysent => analyze
pédagogie => pedagogy
capacités => capabilities
psychothérapeute => psychotherapist
changer => change
pur => pure
armelle => armelle
itinéraire => itinerary
burn => burnout
donneurs => donor
confondues => confused
artilleur => artilleryman
divan => divan
nourricier => nourishing
confronté => affrontee
refuser => refuse
bancs => benches
psy => psychic
charge => charge
victimisée => victimized
belle => belle
thérapies => therapies
commentent => comment
didier => didier
refuge => refuge
applis => apps
déclinent => decline
soupape => poppet
questionnement => questioning
rôle => role
accompagnent => accompany
désagréable => disagreeable
jacob => jacob
psychothérapie => psychotherapy
prescrire => prescribe
conjoint => joint
employés => employees
publie => publishes
patient => patient
passée => past
redonner => render
maria => Maria
plonger => plunge
dérive => drift
libérer => liberate
socratique => Socratic
métier => metier
actuellement => at present
psychologues => psychologists
relaxation => relaxation
caricature => caricature
émotion => emotion
autonomie => autonomy
approches => approaches
psychothérapeutique => psychotherapeutic
tranquillisants => tranquilizers
émotionnel => emotional
psycho => psycho
assumer => assume
observe => observed
montessori => montessori
multiplication => multiplication
carte => card
tranquillisant => tranquilizer
thérapie => therapy
demande => demand
accompagnement => accompaniment
paniqués => panicked
boulga => boulga
croyance => credence
frustration => frustration
caresser => caress
inconscient => unconscious
définissent => define
sentir => sense
psychiatres => psychiatrists
avancer => advance
malaise => malaise
dénature => denatures
senior => senior
passive => passive
relaxer => relax
patients => patients
essence => essence
méprise => misprision
diminuer => diminish
suisse => Swiss
genève => geneva
probablement => probably
électricité => electricity
automobile => automobile
litres => liters
électriques => electrical
polluent => pollute
gazole => gas oil
conduire => conduct
diriger => direct
rouler => roll
développent => develop
futur => future
salon => salon
chauffeur => chauffeur
jullien => jullien
capables => capable
fonctionnent => function
nouveautés => novelties
garer => garage
science => science
pollution => pollution
circulent => circulate
routes => roads
politiques => policies
critères => criteria
certes => certainly
statut => status
attractivité => attractiveness
doctorale => doctoral
ensam => ensam
recrute => recruits
universitaire => university
figurant => figurant
croiser => cross
nationaux => national
diversité => diversity
intellectuelle => intellectual
établissement => establishment
recherchant => searching
offrir => offer
fort => fort
conférences => conferences
insertion => insertion
spécialisations => specializations
perspective => perspective
couvre => covers
élite => elite
aime => awm
cycle => cycle
études => studies
frédéric => frederick
saint => saint
assumée => assumed
nevé => neve
former => form
instituts => institutes
excellence => excellence
adopté => adoptee
exclusivement => exclusively
soazig => soazig
raisons => reasons
fondamentales => fundamental
gage => gage
fondamentalement => fundamentally
dauphine => dauphine
appliquées => applied
frein => frenum
hybrides => hybrid
géographique => geographic
formation => formation
sociales => social
iep => iep
uniquement => uniquely
offrent => offer
normales => normals
contribuer => contribute
maxime => maxim
cycles => cycles
sélectivité => selectivity
présidents => presidents
urbanisme => urbanism
perçue => perceived
née => nee
assumé => assumed
arts => arts
profils => profiles
mion => mion
approche => approach
minimale => minimal
internationales => international
pôle => pole
propos => purpose
création => creation
conservatoire => conservatory
polytechnique => polytechnic
innovation => innovation
journalisme => journalism
supérieur => superior
subtilité => subtlety
limitée => limited
management => management
sélective => selective
universités => universities
ecoles => schools
manifester => manifest
cars => cars
transformation => transformation
elabe => elabe
opinion => opinion
maintenus => maintained
hollande => holland
limitation => limitation
soleil => solar
adresser => address
séniors => senior
berd => ebrd
urbains => urban
intention => intention
commenté => commented
préférant => preferring
campagnes => Campaigns
progresse => progressing
inter => inter
apercevoir => perceive
égalité => equality
choisi => chosen
fronts => fronts
regagner => regain
bouclé => bouclé
bourdin => bourdin
réparer => repair
dame => rammer
tour => tower
rurales => rural
edouard => edward
préféré => preferred
rmc => rmc
prédécesseur => predecessor
apaiser => appease
aube => alb
zadistes => zadistes
renson => renson
destinée => destiny
km => km
pernaut => pernaut
entretien => interview
bloqué => blocked
recule => recedes
réformisme => reformism
cadres => leaders
député => deputy
feuilleton => feuilleton
jt => jt
décembre => December
donner => donate
morin => morin
longs => long
bfmtv => bfmtv
gendarmes => gendarmes
approcher => approach
jaurès => jaurès
arrivés => arrived
interpeller => interpellate
plenel => plenel
rural => rural
essentielle => essential
occuper => occupy
sondage => sounding
mediapart => mediapart
faible => faint
jacques => jacques
film => film
relativement => relatively
marqueur => marker
immigration => immigration
second => second
exprimera => express
complexité => complexity
facs => facs
atypique => atypical
particulier => particular
csg => csg
réformes => reforms
résidents => citizens
marine => marine
normand => Norman
chaînes => channels
marquer => mark
interview => interview
vosges => vosges
reconnu => renowned
vitesse => swiftness
asile => asylum
paisible => peaceable
directrice => director
mémorisation => memorization
extrême => extreme
philippe => philip
curieux => curious
hugues => hugh
chloé => chloe
village => village
musclée => muscular
cote => quote
printanier => spring-like
lrem => lrem
edwy => edwy
repartir => retort
filtrés => filtered
kudlow => kudlow
moribond => moribund
républicain => republican
revivre => revive
violer => violate
transpacifique => transpacific
déclarée => declared
accord => chord
signent => sign
furieux => furious
turnbull => turnbull
envisager => envisage
arnaud => arnaud
alliés => allies
cols => collars
syndicat => syndicate
individuellement => individually
manière => manner
ceinture => cincture
provisoire => provisional
contraint => constrained
rejoindre => rejoin
commerciales => commercial
scellée => sealed
bush => bush
clauses => clauses
régionaux => regional
visite => visit
australie => australia
exaspérés => exasperated
immédiatement => immediately
axe => axis
malaisie => malaysia
désengagement => disengagement
résolvait => solved
option => option
midwest => midwest
hillary => hillary
agriculture => agriculture
lighthizer => lighthizer
perches => perch
trahir => traitor
surprise => surprise
complètement => completely
w => w
brunei => brunei
trumka => trumka
vis => vis
imposer => impose
pivot => pivot
critique => criticism
propriété => property
japon => japan
désindustrialisés => deindustrialised
négocier => negotiate
résumé => résumé
sénateur => senator
rouille => rouille
australien => Australian
larry => larry
encerclement => encirclement
expliqué => explain
pérou => peru
davos => davos
exportateurs => exporters
multilatérales => multilateral
renégociation => renegotiation
protectionnisme => protectionism
george => george
zélande => zeeland
suppression => suppression
nul => null
sabre => sabre
démocrate => democrat
richard => rich
revenir => revert
ratifié => ratified
flake => flake
intérêts => interest
servirait => serve
fermiers => farmers
lettre => letter
mondial => general
plébiscité => plebiscite
singapour => singapore
asie => asia
obama => obama
repousser => repel
asiatique => Asiatic
conseiller => counsel
compliquées => complicated
arizona => arizona
immédiat => immediate
candidate => candidate
examiner => examine
revenu => revenue
leparmentier => leparmentier
envoyé => envoy
représentant => representative
douze => dozen
alignés => aligned
introduisait => introduced
rumeur => rumor
défendent => defend
tentation => temptation
bilatérales => bilateral
forum => forum
pratiques => practice
renouvelé => renewed
incarnait => incarnated
clinton => clinton
isolement => isolation
canadiens => canadian
potentiels => potential
afl => afl
nebraska => nebraska
enregistrés => registered
mexicains => mexican
barack => barack
promesse => promise
jeff => jeff
robert => robert
puissance => puissance
exaspère => exasperated
campagne => campaign
cio => cio
sénateurs => senators
condition => condition
rust => rust
préférerait => prefer
maltraiter => maltreat
bleus => blue
belt => belt
tpp => tpp
contenait => contained
malcolm => malcolm
attaqué => attacked
coalition => coalition
visiblement => visibly
chili => chile
dynastie => dynasty
méditerranéenne => Mediterranean
obsession => obsession
erreur => error
méditerranéens => mediterranean
urss => ussr
transiter => transit
batailles => battles
bataille => battle
frontière => frontier
reconnaitre => recognize
longtemps => long
hmeimim => hmeimim
egyptiens => egyptians
alaouite => Alawite
attali => attali
visionnaire => visionary
marins => mariners
rage => rabies
canal => canal
méditerranée => mediterranean
garantie => guarantee
terrifiant => terrifying
flotte => fleet
traduction => translation
afrique => africa
pôles => poles
vénitiens => venetian
formidable => formidable
vladivostok => vladivostok
génois => genoa
métaphore => metaphor
employée => employee
suez => suez
traduire => translate
approvisionnement => provision
démographique => demographic
navale => naval
saddam => saddam
entretenir => entertain
ottomans => ottoman
concert => concert
inexpugnabilité => impregnability
géopolitique => geopolitics
phéniciens => phoenician
conflits => conflicts
installation => installation
confirmaient => confirmed
garantit => guarantees
bosphore => bosphorus
lee => lee
énigmatique => enigmatic
mers => seas
golfe => gulf
esprit => spirit
grecs => greek
com => com
mer => mare
yew => yew
kwan => kwan
abandonnée => abandoned
carthaginois => Carthaginian
tunisie => tunisia
lanceurs => launchers
crimée => crimea
tartous => tartous
construction => construction
climatique => climatic
disputés => disputed
libanaise => lebanese
assuré => assertive
egypte => egypt
clé => clef
histoire => history
obtenu => gotten
hussein => hussein
renforcement => reinforcement
romains => roman
soviétique => soviet
garantir => guarantee
perses => persian
ethiopie => ethiopia
détroit => strait
baltique => Baltic
maroc => morocco
reporter => reporter
yasmine => yasmine
quart => quarter
transformée => transform
partenaire => partner
reconnaître => recognize
enregistrement => registration
thèmes => themes
trousse => trousse
poli => polite
enregistré => registered
matins => morning
spéciales => special
discussions => discussions
oise => oise
cool => cool
souhayla => souhayla
jingle => jingle
vérifier => verify
collégiens => college students
sincère => sincere
asselot => asselot
micros => microphones
présente => present
média => media
michel => michael
céline => celine
méfiance => confidence
gentiment => gently
classeur => classifier
faure => faure
aphatie => aphatie
enrichie => enriched
stressant => stressful
actualité => actuality
séjour => sojourn
ambition => ambition
débattu => debated
convergence => convergence
malgré => maugre
arrivé => arrival
incluant => including
dublin => dublin
exceptionnel => exceptional
députés => deputies
crises => crises
accorder => accord
italie => italy
relocalisations => relocations
consensus => consensus
obligatoire => obligatory
raccompagner => accompany
quotas => quotas
dispositif => disposition
débloquer => dislodge
empoisonné => poisonous
termes => term
mobiliser => mobilize
financer => finance
harmonisation => harmonization
collectivités => collective bodies
résumer => sum
solidarité => solidarity
européennes => european
grèce => greece
décrié => decried
tangibles => tangible
pologne => poland
externe => external
comparables => comparables
obtenir => obtain
peser => ponder
commun => common
investissement => investment
répartition => distribution
intégrons => integrate
défendu => defended
adopterait => adopt
proposé => proposed
résultats => results
financement => financing
relocalisation => relocation
traiter => treat
opinions => opinions
catégoriquement => categorically
tente => tent
hongrie => hungary
refonder => refound
berlin => berlin
adressait => addressed
réduit => reduced
opérationnels => operational
qnhtbthgfe => qnhtbthgfe
rijkswaterstaat => rijkswaterstaat
storing => storing
courant => current
prévoient => provide
zijn => zijn
regarding => regarding
vrij => vrij
klm => klm
reduced => reduced
will => will
op => op
ha => Ha
be => be
affecté => affected
importante => important
aan => aan
capacity => capacity
retards => delays
incoming => incoming
beide => beide
gegeven => gegeven
kanten => kanten
temporairement => temporarily
résorber => resorb
matinée => matinee
persistent => persist
verhol => verhol
rwsverkeersinfo => rwsverkeersinfo
verkeersinformatie => verkeersinformatie
gedeeltelijk => gedeeltelijk
halls => halls
flux => flow
co => co
décourager => discourage
van => van
update => update
passagers => passengers
bloquée => blocked
compagnie => company
amsterdam => amsterdam
outbound => outbound
flights => flights
is => is
afritten => afritten
schiphol => schiphol
https => http
massés => masses
rome => rome
opération => operation
nadal => nadal
reculer => recoil
stefanos => stefanos
imposé => impose
progressions => progressions
incliné => inclined
rédaction => redaction
budapest => Budapest
pouille => pouille
publication => publication
inchangé => unchanged
dominé => dominated
finaliste => finalist
tsitsipas => tsitsipas
qualifications => qualifications
lucas => Lucas
atp => atp
cecchinato => cecchinato
rafael => rafael
top => top
marco => marco
millman => millman
décoder => decode
simule => simulated
schéma => scheme
secret => secret
capable => able
spatiale => space
monter => mount
photo => photo
nasa => nasa
décode => decodes
insight => insight
bouton => button
martien => Martian
clique => clique
répondre => respond
caltech => caltech
décoller => decollate
sons => sounds
rouge => rouge
alignement => alignment
casque => casque
planètes => planets
jpl => jpl
robot => robot
attention => attention
toi => thou
sanction => sanction
portable => portable
vincent => vincent
bruno => bruno
négociée => negotiated
sévères => severe
cpe => cpe
grave => grave
prades => prades
insulte => insult
coralie => coralie
portables => portable
éducation => education
aya => ayah
soussirat => soussirat
téléphones => phones
décidera => decide
tarn => tarn
manon => manon
recevoir => receive
dispenser => dispense
déconcentrer => deconcentrate
idéal => ideal
distraction => distraction
retrait => retreat
habitudes => habit
mesure => measure
rentrée => return
privé => private
garonne => garonne
règle => rule
leçon => lesson
castelsarrasin => castelsarrasin
ado => ado
positif => positive
bilan => balance
tenu => tenuous
sms => sms
inspiré => inspired
suspension => suspension
milan => milan
discret => discreet
blanquer => blanquer
rare => rare
calvaire => calvary
cri => cry
autrice => author
illustrateurs => illustrators
permanent => permanent
similaire => similar
jeunesse => juvenesence
créent => create
rénovation => renovation
défendre => defend
contactés => contacted
concertation => concertation
initiative => initiative
retraite => retreat
assurance => insurance
mécanismes => mechanisms
alarme => alarm
galopante => rampant
charte => charter
bénéficient => benefit
maternité => maternity
auteursencolère => auteursencolère
pourcentage => percentage
inadmissible => inadmissible
généraux => general
organisateurs => organizers
halte => halt
bailly => bailly
coin => corner
assimilés => assimilated
mouvements => movements
précarité => precariousness
successifs => successive
dérisoire => derisory
incipit => incipit
exception => exception
effectivement => effectively
administratif => administrative
inclus => included
attirer => attract
paternité => paternity
cotisations => contributions
présenter => present
créativité => creativity
épineux => spiny
organiser => organize
professionnels => professional
récentes => recent
samantha => samantha
représente => represent
mobilisées => mobilized
généralement => generally
guise => guise
fluctuants => fluctuating
littérature => literature
best => Best
revanche => revenge
spécificités => specificities
payetonauteur => payetonauteur
assurer => insure
sellers => selling
réclamation => application
financier => financial
créateurs => creators
smic => smic
lancent => launch
principe => principle
fournir => furnish
expulsions => evictions
fans => fans
vagues => waves
londres => london
susceptible => susceptible
engendrer => engender
pic => pick
violemment => violently
tom => tom
court => court
rejette => rejects
tugendhat => tugendhat
royaume => realm
compétition => competition
réassurances => reinsurance
antécédents => antecedents
marseille => marseille
racisme => racism
réciproques => reciprocal
royale => royal
opposé => opposite
hooligans => hooligans
regrettons => regret
diplomates => diplomats
laps => lapse
alarmés => alarmed
antibritannique => anti-british
uni => united
croisées => cross
tensions => tensions
attentats => attacks
empoisonnement => poisoning
déplacement => displacement
espion => spook
terroristes => terrorists
homophobie => homophobia
manche => handle
cnil => cnil
informatique => informatics
mail => mall
lille => lille
pièce => piece
sort => lot
transmises => transmitted
adresse => address
tsa => tsa
joignant => joining
identité => identity
confidentialité => confidentiality
bayard => bayard
rectification => rectification
portabilité => portability
recevez => receive
photocopie => photocopy
newsletters => newsletters
fichier => file
cedex => cedex
avez => have
effacement => effacement
groupebayard => groupebayard
postales => post